epoch,time,train/box_loss,train/cls_loss,train/dfl_loss,metrics/precision(B),metrics/recall(B),metrics/mAP50(B),metrics/mAP50-95(B),val/box_loss,val/cls_loss,val/dfl_loss,lr/pg0,lr/pg1,lr/pg2
1,9.30986,2.2828,102.924,0.01656,0.00919,0.375,0.03455,0.01885,1.34625,46.6551,0.00767,0,0,0
2,19.6416,2.2828,102.924,0.01656,0.00919,0.375,0.03455,0.01885,1.34625,46.6551,0.00767,8.32175e-06,8.32175e-06,8.32175e-06
3,29.3832,2.2828,102.924,0.01656,0.00935,0.375,0.0329,0.01711,1.43366,46.8401,0.00949,1.6627e-05,1.6627e-05,1.6627e-05
4,38.4745,1.99794,92.9189,0.01336,0.00935,0.375,0.0329,0.01711,1.43366,46.8401,0.00949,2.49158e-05,2.49158e-05,2.49158e-05
5,47.748,1.99794,92.9189,0.01336,0.00935,0.375,0.0329,0.01711,1.43366,46.8401,0.00949,3.31881e-05,3.31881e-05,3.31881e-05
6,57.2445,1.99794,92.9189,0.01336,0.00935,0.375,0.0329,0.01711,1.43366,46.8401,0.00949,4.14438e-05,4.14438e-05,4.14438e-05
7,67.1299,1.99794,92.9189,0.01336,0.00935,0.375,0.0329,0.01711,1.43366,46.8401,0.00949,4.96831e-05,4.96831e-05,4.96831e-05
8,77.299,1.99794,92.9189,0.01336,0.00513,0.25,0.01272,0.00528,1.72325,48.7859,0.01468,5.79059e-05,5.79059e-05,5.79059e-05
9,86.8653,1.53348,85.6758,0.00994,0.00513,0.25,0.01272,0.00528,1.72325,48.7859,0.01468,6.61122e-05,6.61122e-05,6.61122e-05
10,96.3143,1.53348,85.6758,0.00994,0.00513,0.25,0.01272,0.00528,1.72325,48.7859,0.01468,7.4302e-05,7.4302e-05,7.4302e-05
11,105.715,1.53348,85.6758,0.00994,0.00513,0.25,0.01272,0.00528,1.72325,48.7859,0.01468,8.24753e-05,8.24753e-05,8.24753e-05
12,114.9,1.53348,85.6758,0.00994,0.00513,0.25,0.01272,0.00528,1.72325,48.7859,0.01468,9.06321e-05,9.06321e-05,9.06321e-05
13,124.239,1.53348,85.6758,0.00994,0.00513,0.25,0.01272,0.00528,1.72325,48.7859,0.01468,9.87725e-05,9.87725e-05,9.87725e-05
14,134.666,1.53348,85.6758,0.00994,0.00513,0.25,0.01272,0.00528,1.72325,48.7859,0.01468,0.000106896,0.000106896,0.000106896
15,143.886,1.53348,85.6758,0.00994,0.00513,0.25,0.01272,0.00528,1.72325,48.7859,0.01468,0.000115004,0.000115004,0.000115004
16,153.685,1.53348,85.6758,0.00994,0.00513,0.25,0.01272,0.00528,1.72325,48.7859,0.01468,0.000123094,0.000123094,0.000123094
17,163.193,1.53348,85.6758,0.00994,0.00513,0.25,0.01272,0.00528,1.72325,48.7859,0.01468,0.000131169,0.000131169,0.000131169
18,172.79,1.53348,85.6758,0.00994,0.00513,0.25,0.01272,0.00528,1.72325,48.7859,0.01468,0.000139227,0.000139227,0.000139227
19,182.57,1.53348,85.6758,0.00994,0.00513,0.25,0.01272,0.00528,1.72325,48.7859,0.01468,0.000147268,0.000147268,0.000147268
20,192.648,1.53348,85.6758,0.00994,0.00513,0.25,0.01272,0.00528,1.72325,48.7859,0.01468,0.000155293,0.000155293,0.000155293
21,202.214,1.53348,85.6758,0.00994,0.00513,0.25,0.01272,0.00528,1.72325,48.7859,0.01468,0.000163301,0.000163301,0.000163301
22,212.228,1.53348,85.6758,0.00994,0.06897,0.3125,0.10646,0.04192,1.72728,47.0204,0.01549,0.000171293,0.000171293,0.000171293
23,222.066,1.53127,83.1838,0.01045,0.06897,0.3125,0.10646,0.04192,1.72728,47.0204,0.01549,0.000179269,0.000179269,0.000179269
24,233.145,1.53127,83.1838,0.01045,0.06897,0.3125,0.10646,0.04192,1.72728,47.0204,0.01549,0.000187227,0.000187227,0.000187227
25,245.526,1.53127,83.1838,0.01045,0.06897,0.3125,0.10646,0.04192,1.72728,47.0204,0.01549,0.00019517,0.00019517,0.00019517
26,255.976,1.53127,83.1838,0.01045,0.06897,0.3125,0.10646,0.04192,1.72728,47.0204,0.01549,0.000203096,0.000203096,0.000203096
27,266.012,1.53127,83.1838,0.01045,0.06897,0.3125,0.10646,0.04192,1.72728,47.0204,0.01549,0.000211005,0.000211005,0.000211005
28,275.979,1.53127,83.1838,0.01045,0.06897,0.3125,0.10646,0.04192,1.72728,47.0204,0.01549,0.000218898,0.000218898,0.000218898
29,285.99,1.53127,83.1838,0.01045,0.06897,0.3125,0.10646,0.04192,1.72728,47.0204,0.01549,0.000226775,0.000226775,0.000226775
30,296.506,1.53127,83.1838,0.01045,0.06897,0.3125,0.10646,0.04192,1.72728,47.0204,0.01549,0.000234635,0.000234635,0.000234635
31,306.263,1.53127,83.1838,0.01045,0.06897,0.3125,0.10646,0.04192,1.72728,47.0204,0.01549,0.000242478,0.000242478,0.000242478
32,316.096,1.53127,83.1838,0.01045,0.06897,0.3125,0.10646,0.04192,1.72728,47.0204,0.01549,0.000250305,0.000250305,0.000250305
33,325.844,1.53127,83.1838,0.01045,0.06897,0.3125,0.10646,0.04192,1.72728,47.0204,0.01549,0.000258115,0.000258115,0.000258115
34,335.678,1.53127,83.1838,0.01045,0.06897,0.3125,0.10646,0.04192,1.72728,47.0204,0.01549,0.000265909,0.000265909,0.000265909
35,345.39,1.53127,83.1838,0.01045,0.06897,0.3125,0.10646,0.04192,1.72728,47.0204,0.01549,0.000273687,0.000273687,0.000273687
36,354.817,1.53127,83.1838,0.01045,0.06897,0.3125,0.10646,0.04192,1.72728,47.0204,0.01549,0.000281448,0.000281448,0.000281448
37,364.23,1.53127,83.1838,0.01045,0.06897,0.3125,0.10646,0.04192,1.72728,47.0204,0.01549,0.000289192,0.000289192,0.000289192
38,374.597,1.53127,83.1838,0.01045,0.06897,0.3125,0.10646,0.04192,1.72728,47.0204,0.01549,0.00029692,0.00029692,0.00029692
39,384.211,1.53127,83.1838,0.01045,0.06897,0.3125,0.10646,0.04192,1.72728,47.0204,0.01549,0.000304632,0.000304632,0.000304632
40,393.704,1.53127,83.1838,0.01045,0.06897,0.3125,0.10646,0.04192,1.72728,47.0204,0.01549,0.000312327,0.000312327,0.000312327
41,403.756,1.53127,83.1838,0.01045,0.06897,0.3125,0.10646,0.04192,1.72728,47.0204,0.01549,0.000320005,0.000320005,0.000320005
42,413.435,1.53127,83.1838,0.01045,0.06897,0.3125,0.10646,0.04192,1.72728,47.0204,0.01549,0.000327667,0.000327667,0.000327667
43,423.185,1.53127,83.1838,0.01045,0.06897,0.3125,0.10646,0.04192,1.72728,47.0204,0.01549,0.000335313,0.000335313,0.000335313
44,432.884,1.53127,83.1838,0.01045,0.06897,0.3125,0.10646,0.04192,1.72728,47.0204,0.01549,0.000342942,0.000342942,0.000342942
45,443.591,1.53127,83.1838,0.01045,0.06897,0.3125,0.10646,0.04192,1.72728,47.0204,0.01549,0.000350554,0.000350554,0.000350554
46,453.272,1.53127,83.1838,0.01045,0.06897,0.3125,0.10646,0.04192,1.72728,47.0204,0.01549,0.00035815,0.00035815,0.00035815
47,463.023,1.53127,83.1838,0.01045,0.06897,0.3125,0.10646,0.04192,1.72728,47.0204,0.01549,0.00036573,0.00036573,0.00036573
48,472.792,1.53127,83.1838,0.01045,0.06897,0.3125,0.10646,0.04192,1.72728,47.0204,0.01549,0.000373293,0.000373293,0.000373293
49,482.271,1.53127,83.1838,0.01045,0.06897,0.3125,0.10646,0.04192,1.72728,47.0204,0.01549,0.00038084,0.00038084,0.00038084
50,493.33,1.53127,83.1838,0.01045,0.06897,0.3125,0.10646,0.04192,1.72728,47.0204,0.01549,0.00038837,0.00038837,0.00038837
51,503.449,1.53127,83.1838,0.01045,0.06897,0.3125,0.10646,0.04192,1.72728,47.0204,0.01549,0.000395883,0.000395883,0.000395883
52,513.1,1.53127,83.1838,0.01045,0.06897,0.3125,0.10646,0.04192,1.72728,47.0204,0.01549,0.00040338,0.00040338,0.00040338
53,522.432,1.53127,83.1838,0.01045,0.06897,0.3125,0.10646,0.04192,1.72728,47.0204,0.01549,0.000410861,0.000410861,0.000410861
54,532.54,1.53127,83.1838,0.01045,0.06897,0.3125,0.10646,0.04192,1.72728,47.0204,0.01549,0.000418325,0.000418325,0.000418325
55,542.137,1.53127,83.1838,0.01045,0.06897,0.3125,0.10646,0.04192,1.72728,47.0204,0.01549,0.000425773,0.000425773,0.000425773
56,552.171,1.53127,83.1838,0.01045,0.06897,0.3125,0.10646,0.04192,1.72728,47.0204,0.01549,0.000433204,0.000433204,0.000433204
57,562.003,1.53127,83.1838,0.01045,0.06897,0.3125,0.10646,0.04192,1.72728,47.0204,0.01549,0.000440618,0.000440618,0.000440618
58,572.326,1.53127,83.1838,0.01045,0.06897,0.3125,0.10646,0.04192,1.72728,47.0204,0.01549,0.000448016,0.000448016,0.000448016
59,581.992,1.53127,83.1838,0.01045,0.06897,0.3125,0.10646,0.04192,1.72728,47.0204,0.01549,0.000455398,0.000455398,0.000455398
60,591.745,1.53127,83.1838,0.01045,0.61599,0.25,0.26948,0.15278,1.5339,42.572,0.01125,0.000462763,0.000462763,0.000462763
61,601.454,1.69816,66.7228,0.01122,0.61599,0.25,0.26948,0.15278,1.5339,42.572,0.01125,0.000470112,0.000470112,0.000470112
62,610.239,1.69816,66.7228,0.01122,0.61599,0.25,0.26948,0.15278,1.5339,42.572,0.01125,0.000477444,0.000477444,0.000477444
63,618.639,1.69816,66.7228,0.01122,0.61599,0.25,0.26948,0.15278,1.5339,42.572,0.01125,0.00048476,0.00048476,0.00048476
64,626.765,1.69816,66.7228,0.01122,0.61599,0.25,0.26948,0.15278,1.5339,42.572,0.01125,0.000492059,0.000492059,0.000492059
65,636.011,1.69816,66.7228,0.01122,0.61599,0.25,0.26948,0.15278,1.5339,42.572,0.01125,0.000499342,0.000499342,0.000499342
66,644.563,1.69816,66.7228,0.01122,0.61599,0.25,0.26948,0.15278,1.5339,42.572,0.01125,0.000506608,0.000506608,0.000506608
67,653.728,1.69816,66.7228,0.01122,0.61599,0.25,0.26948,0.15278,1.5339,42.572,0.01125,0.000513857,0.000513857,0.000513857
68,662.147,1.69816,66.7228,0.01122,0.61599,0.25,0.26948,0.15278,1.5339,42.572,0.01125,0.000521091,0.000521091,0.000521091
69,670.613,1.69816,66.7228,0.01122,0.61599,0.25,0.26948,0.15278,1.5339,42.572,0.01125,0.000528307,0.000528307,0.000528307
70,679.367,1.69816,66.7228,0.01122,0.61599,0.25,0.26948,0.15278,1.5339,42.572,0.01125,0.000535507,0.000535507,0.000535507
71,687.929,1.69816,66.7228,0.01122,0.61599,0.25,0.26948,0.15278,1.5339,42.572,0.01125,0.000542691,0.000542691,0.000542691
72,696.003,1.69816,66.7228,0.01122,0.61599,0.25,0.26948,0.15278,1.5339,42.572,0.01125,0.000549858,0.000549858,0.000549858
73,704.558,1.69816,66.7228,0.01122,0.61599,0.25,0.26948,0.15278,1.5339,42.572,0.01125,0.000557009,0.000557009,0.000557009
74,712.954,1.69816,66.7228,0.01122,0.61599,0.25,0.26948,0.15278,1.5339,42.572,0.01125,0.000564143,0.000564143,0.000564143
75,721.966,1.69816,66.7228,0.01122,0.61599,0.25,0.26948,0.15278,1.5339,42.572,0.01125,0.000571261,0.000571261,0.000571261
76,731.051,1.69816,66.7228,0.01122,0.61599,0.25,0.26948,0.15278,1.5339,42.572,0.01125,0.000578362,0.000578362,0.000578362
77,739.441,1.69816,66.7228,0.01122,0.61599,0.25,0.26948,0.15278,1.5339,42.572,0.01125,0.000585447,0.000585447,0.000585447
78,747.989,1.69816,66.7228,0.01122,0.61599,0.25,0.26948,0.15278,1.5339,42.572,0.01125,0.000592515,0.000592515,0.000592515
79,756.684,1.69816,66.7228,0.01122,0.61599,0.25,0.26948,0.15278,1.5339,42.572,0.01125,0.000599567,0.000599567,0.000599567
80,765.269,1.69816,66.7228,0.01122,0.61599,0.25,0.26948,0.15278,1.5339,42.572,0.01125,0.000606602,0.000606602,0.000606602
81,774.348,1.69816,66.7228,0.01122,0.61599,0.25,0.26948,0.15278,1.5339,42.572,0.01125,0.000613621,0.000613621,0.000613621
82,782.988,1.69816,66.7228,0.01122,0.61599,0.25,0.26948,0.15278,1.5339,42.572,0.01125,0.000620623,0.000620623,0.000620623
83,792.209,1.69816,66.7228,0.01122,0.61599,0.25,0.26948,0.15278,1.5339,42.572,0.01125,0.000627609,0.000627609,0.000627609
84,800.872,1.69816,66.7228,0.01122,0.61599,0.25,0.26948,0.15278,1.5339,42.572,0.01125,0.000634578,0.000634578,0.000634578
85,809.311,1.69816,66.7228,0.01122,0.61599,0.25,0.26948,0.15278,1.5339,42.572,0.01125,0.000641531,0.000641531,0.000641531
86,817.444,1.69816,66.7228,0.01122,0.61599,0.25,0.26948,0.15278,1.5339,42.572,0.01125,0.000648468,0.000648468,0.000648468
87,825.773,1.69816,66.7228,0.01122,0.61599,0.25,0.26948,0.15278,1.5339,42.572,0.01125,0.000655387,0.000655387,0.000655387
88,834.2,1.69816,66.7228,0.01122,0.61599,0.25,0.26948,0.15278,1.5339,42.572,0.01125,0.000662291,0.000662291,0.000662291
89,842.765,1.69816,66.7228,0.01122,0.61599,0.25,0.26948,0.15278,1.5339,42.572,0.01125,0.000669178,0.000669178,0.000669178
90,854.232,1.69816,66.7228,0.01122,0.61599,0.25,0.26948,0.15278,1.5339,42.572,0.01125,0.000676048,0.000676048,0.000676048
91,863.903,1.69816,66.7228,0.01122,0.61599,0.25,0.26948,0.15278,1.5339,42.572,0.01125,0.000682902,0.000682902,0.000682902
92,873.452,1.69816,66.7228,0.01122,0.61599,0.25,0.26948,0.15278,1.5339,42.572,0.01125,0.000689739,0.000689739,0.000689739
93,883.442,1.69816,66.7228,0.01122,0.61599,0.25,0.26948,0.15278,1.5339,42.572,0.01125,0.00069656,0.00069656,0.00069656
94,892.464,1.69816,66.7228,0.01122,0.61599,0.25,0.26948,0.15278,1.5339,42.572,0.01125,0.000703364,0.000703364,0.000703364
95,901.331,1.69816,66.7228,0.01122,0.61599,0.25,0.26948,0.15278,1.5339,42.572,0.01125,0.000710152,0.000710152,0.000710152
96,910.084,1.69816,66.7228,0.01122,0.61599,0.25,0.26948,0.15278,1.5339,42.572,0.01125,0.000716924,0.000716924,0.000716924
97,918.708,1.69816,66.7228,0.01122,0.61599,0.25,0.26948,0.15278,1.5339,42.572,0.01125,0.000723678,0.000723678,0.000723678
98,927.346,1.69816,66.7228,0.01122,0.61599,0.25,0.26948,0.15278,1.5339,42.572,0.01125,0.000730417,0.000730417,0.000730417
99,935.716,1.69816,66.7228,0.01122,0.61599,0.25,0.26948,0.15278,1.5339,42.572,0.01125,0.000737139,0.000737139,0.000737139
100,944.059,1.69816,66.7228,0.01122,0.61599,0.25,0.26948,0.15278,1.5339,42.572,0.01125,0.000743844,0.000743844,0.000743844
101,952.256,1.69816,66.7228,0.01122,0.61599,0.25,0.26948,0.15278,1.5339,42.572,0.01125,0.000750533,0.000750533,0.000750533
102,961.111,1.69816,66.7228,0.01122,0.61599,0.25,0.26948,0.15278,1.5339,42.572,0.01125,0.000749708,0.000749708,0.000749708
103,970.058,1.69816,66.7228,0.01122,0.61599,0.25,0.26948,0.15278,1.5339,42.572,0.01125,0.000748884,0.000748884,0.000748884
104,979.362,1.69816,66.7228,0.01122,0.61599,0.25,0.26948,0.15278,1.5339,42.572,0.01125,0.000748059,0.000748059,0.000748059
105,987.932,1.69816,66.7228,0.01122,0.61599,0.25,0.26948,0.15278,1.5339,42.572,0.01125,0.000747234,0.000747234,0.000747234
106,996.44,1.69816,66.7228,0.01122,0.61599,0.25,0.26948,0.15278,1.5339,42.572,0.01125,0.00074641,0.00074641,0.00074641
107,1005.01,1.69816,66.7228,0.01122,0.61599,0.25,0.26948,0.15278,1.5339,42.572,0.01125,0.000745585,0.000745585,0.000745585
108,1013.77,1.69816,66.7228,0.01122,0.61599,0.25,0.26948,0.15278,1.5339,42.572,0.01125,0.00074476,0.00074476,0.00074476
109,1022.61,1.69816,66.7228,0.01122,0.61599,0.25,0.26948,0.15278,1.5339,42.572,0.01125,0.000743936,0.000743936,0.000743936
110,1031.04,1.69816,66.7228,0.01122,0.61599,0.25,0.26948,0.15278,1.5339,42.572,0.01125,0.000743111,0.000743111,0.000743111
111,1039.4,1.69816,66.7228,0.01122,0.61599,0.25,0.26948,0.15278,1.5339,42.572,0.01125,0.000742286,0.000742286,0.000742286
112,1048.04,1.69816,66.7228,0.01122,0.61599,0.25,0.26948,0.15278,1.5339,42.572,0.01125,0.000741462,0.000741462,0.000741462
113,1056.18,1.69816,66.7228,0.01122,0.61599,0.25,0.26948,0.15278,1.5339,42.572,0.01125,0.000740637,0.000740637,0.000740637
114,1064.45,1.69816,66.7228,0.01122,0.61599,0.25,0.26948,0.15278,1.5339,42.572,0.01125,0.000739812,0.000739812,0.000739812
115,1072.63,1.69816,66.7228,0.01122,0.61599,0.25,0.26948,0.15278,1.5339,42.572,0.01125,0.000738988,0.000738988,0.000738988
116,1081.19,1.69816,66.7228,0.01122,0.61599,0.25,0.26948,0.15278,1.5339,42.572,0.01125,0.000738163,0.000738163,0.000738163
117,1089.7,1.69816,66.7228,0.01122,0.61599,0.25,0.26948,0.15278,1.5339,42.572,0.01125,0.000737338,0.000737338,0.000737338
118,1097.79,1.69816,66.7228,0.01122,0.61599,0.25,0.26948,0.15278,1.5339,42.572,0.01125,0.000736514,0.000736514,0.000736514
119,1106.62,1.69816,66.7228,0.01122,0.61599,0.25,0.26948,0.15278,1.5339,42.572,0.01125,0.000735689,0.000735689,0.000735689
120,1115.42,1.69816,66.7228,0.01122,0.61599,0.25,0.26948,0.15278,1.5339,42.572,0.01125,0.000734864,0.000734864,0.000734864
121,1123.93,1.69816,66.7228,0.01122,0.61599,0.25,0.26948,0.15278,1.5339,42.572,0.01125,0.00073404,0.00073404,0.00073404
122,1132.43,1.69816,66.7228,0.01122,0.61599,0.25,0.26948,0.15278,1.5339,42.572,0.01125,0.000733215,0.000733215,0.000733215
123,1141.88,1.69816,66.7228,0.01122,0.61599,0.25,0.26948,0.15278,1.5339,42.572,0.01125,0.00073239,0.00073239,0.00073239
124,1151.14,1.69816,66.7228,0.01122,0.45559,0.25,0.18503,0.11741,1.81595,42.8246,0.01553,0.000731566,0.000731566,0.000731566
125,1159.37,1.9441,61.0227,0.01093,0.45559,0.25,0.18503,0.11741,1.81595,42.8246,0.01553,0.000730741,0.000730741,0.000730741
126,1167.44,1.9441,61.0227,0.01093,0.45559,0.25,0.18503,0.11741,1.81595,42.8246,0.01553,0.000729916,0.000729916,0.000729916
127,1176.36,1.9441,61.0227,0.01093,0.45559,0.25,0.18503,0.11741,1.81595,42.8246,0.01553,0.000729092,0.000729092,0.000729092
128,1184.43,1.9441,61.0227,0.01093,0.45559,0.25,0.18503,0.11741,1.81595,42.8246,0.01553,0.000728267,0.000728267,0.000728267
129,1192.51,1.9441,61.0227,0.01093,0.45559,0.25,0.18503,0.11741,1.81595,42.8246,0.01553,0.000727442,0.000727442,0.000727442
130,1200.89,1.9441,61.0227,0.01093,0.45559,0.25,0.18503,0.11741,1.81595,42.8246,0.01553,0.000726618,0.000726618,0.000726618
131,1209.54,1.9441,61.0227,0.01093,0.45559,0.25,0.18503,0.11741,1.81595,42.8246,0.01553,0.000725793,0.000725793,0.000725793
132,1218.12,1.9441,61.0227,0.01093,0.45559,0.25,0.18503,0.11741,1.81595,42.8246,0.01553,0.000724968,0.000724968,0.000724968
133,1226.45,1.9441,61.0227,0.01093,0.45559,0.25,0.18503,0.11741,1.81595,42.8246,0.01553,0.000724144,0.000724144,0.000724144
134,1234.55,1.9441,61.0227,0.01093,0.45559,0.25,0.18503,0.11741,1.81595,42.8246,0.01553,0.000723319,0.000723319,0.000723319
135,1242.8,1.9441,61.0227,0.01093,0.45559,0.25,0.18503,0.11741,1.81595,42.8246,0.01553,0.000722494,0.000722494,0.000722494
136,1251,1.9441,61.0227,0.01093,0.45559,0.25,0.18503,0.11741,1.81595,42.8246,0.01553,0.00072167,0.00072167,0.00072167
137,1259.53,1.9441,61.0227,0.01093,0.45559,0.25,0.18503,0.11741,1.81595,42.8246,0.01553,0.000720845,0.000720845,0.000720845
138,1268.36,1.9441,61.0227,0.01093,0.45559,0.25,0.18503,0.11741,1.81595,42.8246,0.01553,0.00072002,0.00072002,0.00072002
139,1276.61,1.9441,61.0227,0.01093,0.45559,0.25,0.18503,0.11741,1.81595,42.8246,0.01553,0.000719196,0.000719196,0.000719196
140,1284.8,1.9441,61.0227,0.01093,0.45559,0.25,0.18503,0.11741,1.81595,42.8246,0.01553,0.000718371,0.000718371,0.000718371
141,1293.09,1.9441,61.0227,0.01093,0.45559,0.25,0.18503,0.11741,1.81595,42.8246,0.01553,0.000717546,0.000717546,0.000717546
142,1301.58,1.9441,61.0227,0.01093,0.45559,0.25,0.18503,0.11741,1.81595,42.8246,0.01553,0.000716722,0.000716722,0.000716722
143,1310.03,1.9441,61.0227,0.01093,0.45559,0.25,0.18503,0.11741,1.81595,42.8246,0.01553,0.000715897,0.000715897,0.000715897
144,1318.27,1.9441,61.0227,0.01093,0.45559,0.25,0.18503,0.11741,1.81595,42.8246,0.01553,0.000715072,0.000715072,0.000715072
145,1326.58,1.9441,61.0227,0.01093,0.45559,0.25,0.18503,0.11741,1.81595,42.8246,0.01553,0.000714248,0.000714248,0.000714248
146,1334.39,1.9441,61.0227,0.01093,0.45559,0.25,0.18503,0.11741,1.81595,42.8246,0.01553,0.000713423,0.000713423,0.000713423
147,1342.63,1.9441,61.0227,0.01093,0.45559,0.25,0.18503,0.11741,1.81595,42.8246,0.01553,0.000712598,0.000712598,0.000712598
148,1351.1,1.9441,61.0227,0.01093,0.45559,0.25,0.18503,0.11741,1.81595,42.8246,0.01553,0.000711774,0.000711774,0.000711774
149,1359.27,1.9441,61.0227,0.01093,0.45559,0.25,0.18503,0.11741,1.81595,42.8246,0.01553,0.000710949,0.000710949,0.000710949
150,1367.69,1.9441,61.0227,0.01093,0.45559,0.25,0.18503,0.11741,1.81595,42.8246,0.01553,0.000710124,0.000710124,0.000710124
151,1375.91,1.9441,61.0227,0.01093,0.45559,0.25,0.18503,0.11741,1.81595,42.8246,0.01553,0.000709299,0.000709299,0.000709299
152,1384.14,1.9441,61.0227,0.01093,0.45559,0.25,0.18503,0.11741,1.81595,42.8246,0.01553,0.000708475,0.000708475,0.000708475
153,1392.67,1.9441,61.0227,0.01093,0.45559,0.25,0.18503,0.11741,1.81595,42.8246,0.01553,0.00070765,0.00070765,0.00070765
154,1400.67,1.9441,61.0227,0.01093,0.45559,0.25,0.18503,0.11741,1.81595,42.8246,0.01553,0.000706825,0.000706825,0.000706825
155,1409.12,1.9441,61.0227,0.01093,0.45559,0.25,0.18503,0.11741,1.81595,42.8246,0.01553,0.000706001,0.000706001,0.000706001
156,1417.5,1.9441,61.0227,0.01093,0.45559,0.25,0.18503,0.11741,1.81595,42.8246,0.01553,0.000705176,0.000705176,0.000705176
157,1425.65,1.9441,61.0227,0.01093,0.45559,0.25,0.18503,0.11741,1.81595,42.8246,0.01553,0.000704351,0.000704351,0.000704351
158,1434.07,1.9441,61.0227,0.01093,0.45559,0.25,0.18503,0.11741,1.81595,42.8246,0.01553,0.000703527,0.000703527,0.000703527
159,1442.31,1.9441,61.0227,0.01093,0.45559,0.25,0.18503,0.11741,1.81595,42.8246,0.01553,0.000702702,0.000702702,0.000702702
160,1451.06,1.9441,61.0227,0.01093,0.45559,0.25,0.18503,0.11741,1.81595,42.8246,0.01553,0.000701877,0.000701877,0.000701877
161,1459.33,1.9441,61.0227,0.01093,0.45559,0.25,0.18503,0.11741,1.81595,42.8246,0.01553,0.000701053,0.000701053,0.000701053
162,1467.83,1.9441,61.0227,0.01093,0.45559,0.25,0.18503,0.11741,1.81595,42.8246,0.01553,0.000700228,0.000700228,0.000700228
163,1476.18,1.9441,61.0227,0.01093,0.45559,0.25,0.18503,0.11741,1.81595,42.8246,0.01553,0.000699403,0.000699403,0.000699403
164,1484.74,1.9441,61.0227,0.01093,0.45559,0.25,0.18503,0.11741,1.81595,42.8246,0.01553,0.000698579,0.000698579,0.000698579
165,1492.74,1.9441,61.0227,0.01093,0.45559,0.25,0.18503,0.11741,1.81595,42.8246,0.01553,0.000697754,0.000697754,0.000697754
166,1501.06,1.9441,61.0227,0.01093,0.45559,0.25,0.18503,0.11741,1.81595,42.8246,0.01553,0.000696929,0.000696929,0.000696929
167,1510.48,1.9441,61.0227,0.01093,0.45559,0.25,0.18503,0.11741,1.81595,42.8246,0.01553,0.000696105,0.000696105,0.000696105
168,1518.47,1.9441,61.0227,0.01093,0.45559,0.25,0.18503,0.11741,1.81595,42.8246,0.01553,0.00069528,0.00069528,0.00069528
169,1526.69,1.9441,61.0227,0.01093,0.45559,0.25,0.18503,0.11741,1.81595,42.8246,0.01553,0.000694455,0.000694455,0.000694455
170,1534.93,1.9441,61.0227,0.01093,0.45559,0.25,0.18503,0.11741,1.81595,42.8246,0.01553,0.000693631,0.000693631,0.000693631
171,1543.25,1.9441,61.0227,0.01093,0.45559,0.25,0.18503,0.11741,1.81595,42.8246,0.01553,0.000692806,0.000692806,0.000692806
172,1551.15,1.9441,61.0227,0.01093,0.45559,0.25,0.18503,0.11741,1.81595,42.8246,0.01553,0.000691981,0.000691981,0.000691981
173,1559.74,1.9441,61.0227,0.01093,0.45559,0.25,0.18503,0.11741,1.81595,42.8246,0.01553,0.000691157,0.000691157,0.000691157
174,1568.11,1.9441,61.0227,0.01093,0.45559,0.25,0.18503,0.11741,1.81595,42.8246,0.01553,0.000690332,0.000690332,0.000690332
175,1576.59,1.9441,61.0227,0.01093,0.45559,0.25,0.18503,0.11741,1.81595,42.8246,0.01553,0.000689507,0.000689507,0.000689507
176,1585.16,1.9441,61.0227,0.01093,0.45559,0.25,0.18503,0.11741,1.81595,42.8246,0.01553,0.000688683,0.000688683,0.000688683
177,1593.36,1.9441,61.0227,0.01093,0.45559,0.25,0.18503,0.11741,1.81595,42.8246,0.01553,0.000687858,0.000687858,0.000687858
178,1601.78,1.9441,61.0227,0.01093,0.45559,0.25,0.18503,0.11741,1.81595,42.8246,0.01553,0.000687033,0.000687033,0.000687033
179,1610.19,1.9441,61.0227,0.01093,0.45559,0.25,0.18503,0.11741,1.81595,42.8246,0.01553,0.000686209,0.000686209,0.000686209
180,1618.49,1.9441,61.0227,0.01093,0.45559,0.25,0.18503,0.11741,1.81595,42.8246,0.01553,0.000685384,0.000685384,0.000685384
181,1626.91,1.9441,61.0227,0.01093,0.45559,0.25,0.18503,0.11741,1.81595,42.8246,0.01553,0.000684559,0.000684559,0.000684559
182,1635.58,1.9441,61.0227,0.01093,0.45559,0.25,0.18503,0.11741,1.81595,42.8246,0.01553,0.000683735,0.000683735,0.000683735
183,1643.78,1.9441,61.0227,0.01093,0.45559,0.25,0.18503,0.11741,1.81595,42.8246,0.01553,0.00068291,0.00068291,0.00068291
184,1651.82,1.9441,61.0227,0.01093,0.45559,0.25,0.18503,0.11741,1.81595,42.8246,0.01553,0.000682085,0.000682085,0.000682085
185,1660.46,1.9441,61.0227,0.01093,0.45559,0.25,0.18503,0.11741,1.81595,42.8246,0.01553,0.000681261,0.000681261,0.000681261
186,1668.77,1.9441,61.0227,0.01093,0.45559,0.25,0.18503,0.11741,1.81595,42.8246,0.01553,0.000680436,0.000680436,0.000680436
187,1677.08,1.9441,61.0227,0.01093,0.45559,0.25,0.18503,0.11741,1.81595,42.8246,0.01553,0.000679611,0.000679611,0.000679611
188,1686.34,1.9441,61.0227,0.01093,0.81181,0.12361,0.32557,0.2658,1.29226,37.4189,0.00843,0.000678787,0.000678787,0.000678787
189,1694.69,1.74763,52.3371,0.00958,0.81181,0.12361,0.32557,0.2658,1.29226,37.4189,0.00843,0.000677962,0.000677962,0.000677962
190,1703.38,1.74763,52.3371,0.00958,0.81181,0.12361,0.32557,0.2658,1.29226,37.4189,0.00843,0.000677137,0.000677137,0.000677137
191,1711.88,1.74763,52.3371,0.00958,0.81181,0.12361,0.32557,0.2658,1.29226,37.4189,0.00843,0.000676313,0.000676313,0.000676313
192,1720.56,1.74763,52.3371,0.00958,0.81181,0.12361,0.32557,0.2658,1.29226,37.4189,0.00843,0.000675488,0.000675488,0.000675488
193,1728.77,1.74763,52.3371,0.00958,0.81181,0.12361,0.32557,0.2658,1.29226,37.4189,0.00843,0.000674663,0.000674663,0.000674663
194,1737.04,1.74763,52.3371,0.00958,0.81181,0.12361,0.32557,0.2658,1.29226,37.4189,0.00843,0.000673839,0.000673839,0.000673839
195,1745.86,1.74763,52.3371,0.00958,0.81181,0.12361,0.32557,0.2658,1.29226,37.4189,0.00843,0.000673014,0.000673014,0.000673014
196,1754.42,1.74763,52.3371,0.00958,0.81181,0.12361,0.32557,0.2658,1.29226,37.4189,0.00843,0.000672189,0.000672189,0.000672189
197,1762.8,1.74763,52.3371,0.00958,0.81181,0.12361,0.32557,0.2658,1.29226,37.4189,0.00843,0.000671365,0.000671365,0.000671365
198,1771.05,1.74763,52.3371,0.00958,0.81181,0.12361,0.32557,0.2658,1.29226,37.4189,0.00843,0.00067054,0.00067054,0.00067054
199,1780.05,1.74763,52.3371,0.00958,0.81181,0.12361,0.32557,0.2658,1.29226,37.4189,0.00843,0.000669715,0.000669715,0.000669715
200,1788.68,1.74763,52.3371,0.00958,0.81181,0.12361,0.32557,0.2658,1.29226,37.4189,0.00843,0.000668891,0.000668891,0.000668891
201,1797.58,1.74763,52.3371,0.00958,0.81181,0.12361,0.32557,0.2658,1.29226,37.4189,0.00843,0.000668066,0.000668066,0.000668066
202,1805.83,1.74763,52.3371,0.00958,0.81181,0.12361,0.32557,0.2658,1.29226,37.4189,0.00843,0.000667241,0.000667241,0.000667241
203,1815.6,1.74763,52.3371,0.00958,0.81181,0.12361,0.32557,0.2658,1.29226,37.4189,0.00843,0.000666417,0.000666417,0.000666417
204,12629.9,1.74763,52.3371,0.00958,0.81181,0.12361,0.32557,0.2658,1.29226,37.4189,0.00843,0.000665592,0.000665592,0.000665592
205,50277.6,1.74763,52.3371,0.00958,0.81181,0.12361,0.32557,0.2658,1.29226,37.4189,0.00843,0.000664767,0.000664767,0.000664767
206,50289.1,1.74763,52.3371,0.00958,0.81181,0.12361,0.32557,0.2658,1.29226,37.4189,0.00843,0.000663943,0.000663943,0.000663943
207,50302.2,1.74763,52.3371,0.00958,0.81181,0.12361,0.32557,0.2658,1.29226,37.4189,0.00843,0.000663118,0.000663118,0.000663118
208,50313,1.74763,52.3371,0.00958,0.81181,0.12361,0.32557,0.2658,1.29226,37.4189,0.00843,0.000662293,0.000662293,0.000662293
209,50322.2,1.74763,52.3371,0.00958,0.81181,0.12361,0.32557,0.2658,1.29226,37.4189,0.00843,0.000661469,0.000661469,0.000661469
210,50332.2,1.74763,52.3371,0.00958,0.81181,0.12361,0.32557,0.2658,1.29226,37.4189,0.00843,0.000660644,0.000660644,0.000660644
211,50342,1.74763,52.3371,0.00958,0.81181,0.12361,0.32557,0.2658,1.29226,37.4189,0.00843,0.000659819,0.000659819,0.000659819
212,50353.7,1.74763,52.3371,0.00958,0.81181,0.12361,0.32557,0.2658,1.29226,37.4189,0.00843,0.000658995,0.000658995,0.000658995
213,50362.8,1.74763,52.3371,0.00958,0.81181,0.12361,0.32557,0.2658,1.29226,37.4189,0.00843,0.00065817,0.00065817,0.00065817
214,50372.2,1.74763,52.3371,0.00958,0.81181,0.12361,0.32557,0.2658,1.29226,37.4189,0.00843,0.000657345,0.000657345,0.000657345
215,50381.5,1.74763,52.3371,0.00958,0.81181,0.12361,0.32557,0.2658,1.29226,37.4189,0.00843,0.000656521,0.000656521,0.000656521
216,50390.5,1.74763,52.3371,0.00958,0.81181,0.12361,0.32557,0.2658,1.29226,37.4189,0.00843,0.000655696,0.000655696,0.000655696
217,50399.5,1.74763,52.3371,0.00958,0.81181,0.12361,0.32557,0.2658,1.29226,37.4189,0.00843,0.000654871,0.000654871,0.000654871
218,50409.8,1.74763,52.3371,0.00958,0.81181,0.12361,0.32557,0.2658,1.29226,37.4189,0.00843,0.000654047,0.000654047,0.000654047
219,50418.8,1.74763,52.3371,0.00958,0.81181,0.12361,0.32557,0.2658,1.29226,37.4189,0.00843,0.000653222,0.000653222,0.000653222
220,50428,1.74763,52.3371,0.00958,0.81181,0.12361,0.32557,0.2658,1.29226,37.4189,0.00843,0.000652397,0.000652397,0.000652397
221,50438,1.74763,52.3371,0.00958,0.81181,0.12361,0.32557,0.2658,1.29226,37.4189,0.00843,0.000651573,0.000651573,0.000651573
222,50448,1.74763,52.3371,0.00958,0.81181,0.12361,0.32557,0.2658,1.29226,37.4189,0.00843,0.000650748,0.000650748,0.000650748
223,50457.8,1.74763,52.3371,0.00958,0.81181,0.12361,0.32557,0.2658,1.29226,37.4189,0.00843,0.000649923,0.000649923,0.000649923
224,50468.1,1.74763,52.3371,0.00958,0.81181,0.12361,0.32557,0.2658,1.29226,37.4189,0.00843,0.000649099,0.000649099,0.000649099
225,50477.7,1.74763,52.3371,0.00958,0.81181,0.12361,0.32557,0.2658,1.29226,37.4189,0.00843,0.000648274,0.000648274,0.000648274
226,50487.7,1.74763,52.3371,0.00958,0.81181,0.12361,0.32557,0.2658,1.29226,37.4189,0.00843,0.000647449,0.000647449,0.000647449
227,50497.1,1.74763,52.3371,0.00958,0.81181,0.12361,0.32557,0.2658,1.29226,37.4189,0.00843,0.000646625,0.000646625,0.000646625
228,50506.5,1.74763,52.3371,0.00958,0.81181,0.12361,0.32557,0.2658,1.29226,37.4189,0.00843,0.0006458,0.0006458,0.0006458
229,50515.6,1.74763,52.3371,0.00958,0.81181,0.12361,0.32557,0.2658,1.29226,37.4189,0.00843,0.000644975,0.000644975,0.000644975
230,50525.3,1.74763,52.3371,0.00958,0.81181,0.12361,0.32557,0.2658,1.29226,37.4189,0.00843,0.000644151,0.000644151,0.000644151
231,50535.6,1.74763,52.3371,0.00958,0.81181,0.12361,0.32557,0.2658,1.29226,37.4189,0.00843,0.000643326,0.000643326,0.000643326
232,50544.7,1.74763,52.3371,0.00958,0.81181,0.12361,0.32557,0.2658,1.29226,37.4189,0.00843,0.000642501,0.000642501,0.000642501
233,50554.6,1.74763,52.3371,0.00958,0.81181,0.12361,0.32557,0.2658,1.29226,37.4189,0.00843,0.000641677,0.000641677,0.000641677
234,50565.6,1.74763,52.3371,0.00958,0.81181,0.12361,0.32557,0.2658,1.29226,37.4189,0.00843,0.000640852,0.000640852,0.000640852
235,50575.8,1.74763,52.3371,0.00958,0.81181,0.12361,0.32557,0.2658,1.29226,37.4189,0.00843,0.000640027,0.000640027,0.000640027
236,50586.7,1.74763,52.3371,0.00958,0.81181,0.12361,0.32557,0.2658,1.29226,37.4189,0.00843,0.000639203,0.000639203,0.000639203
237,50597.1,1.74763,52.3371,0.00958,0.81181,0.12361,0.32557,0.2658,1.29226,37.4189,0.00843,0.000638378,0.000638378,0.000638378
238,50608.3,1.74763,52.3371,0.00958,0.81181,0.12361,0.32557,0.2658,1.29226,37.4189,0.00843,0.000637553,0.000637553,0.000637553
239,50618.5,1.74763,52.3371,0.00958,0.81181,0.12361,0.32557,0.2658,1.29226,37.4189,0.00843,0.000636729,0.000636729,0.000636729
240,50629.6,1.74763,52.3371,0.00958,0.81181,0.12361,0.32557,0.2658,1.29226,37.4189,0.00843,0.000635904,0.000635904,0.000635904
241,50640.2,1.74763,52.3371,0.00958,0.81181,0.12361,0.32557,0.2658,1.29226,37.4189,0.00843,0.000635079,0.000635079,0.000635079
242,50651.7,1.74763,52.3371,0.00958,0.81181,0.12361,0.32557,0.2658,1.29226,37.4189,0.00843,0.000634255,0.000634255,0.000634255
243,50661,1.74763,52.3371,0.00958,0.81181,0.12361,0.32557,0.2658,1.29226,37.4189,0.00843,0.00063343,0.00063343,0.00063343
244,50671.1,1.74763,52.3371,0.00958,0.81181,0.12361,0.32557,0.2658,1.29226,37.4189,0.00843,0.000632605,0.000632605,0.000632605
245,50680.8,1.74763,52.3371,0.00958,0.81181,0.12361,0.32557,0.2658,1.29226,37.4189,0.00843,0.000631781,0.000631781,0.000631781
246,50690.1,1.74763,52.3371,0.00958,0.81181,0.12361,0.32557,0.2658,1.29226,37.4189,0.00843,0.000630956,0.000630956,0.000630956
247,50699.5,1.74763,52.3371,0.00958,0.81181,0.12361,0.32557,0.2658,1.29226,37.4189,0.00843,0.000630131,0.000630131,0.000630131
248,50709.1,1.74763,52.3371,0.00958,0.81181,0.12361,0.32557,0.2658,1.29226,37.4189,0.00843,0.000629307,0.000629307,0.000629307
249,50718.1,1.74763,52.3371,0.00958,0.81181,0.12361,0.32557,0.2658,1.29226,37.4189,0.00843,0.000628482,0.000628482,0.000628482
250,50727.1,1.74763,52.3371,0.00958,0.81181,0.12361,0.32557,0.2658,1.29226,37.4189,0.00843,0.000627657,0.000627657,0.000627657
251,50736.2,1.74763,52.3371,0.00958,0.81181,0.12361,0.32557,0.2658,1.29226,37.4189,0.00843,0.000626832,0.000626832,0.000626832
252,50745.8,1.74763,52.3371,0.00958,0.62305,0.3125,0.30254,0.20916,1.49305,34.9804,0.00916,0.000626008,0.000626008,0.000626008
253,50754.8,1.57192,45.9046,0.01004,0.62305,0.3125,0.30254,0.20916,1.49305,34.9804,0.00916,0.000625183,0.000625183,0.000625183
254,50764.1,1.57192,45.9046,0.01004,0.62305,0.3125,0.30254,0.20916,1.49305,34.9804,0.00916,0.000624358,0.000624358,0.000624358
255,50774.4,1.57192,45.9046,0.01004,0.62305,0.3125,0.30254,0.20916,1.49305,34.9804,0.00916,0.000623534,0.000623534,0.000623534
256,50784.4,1.57192,45.9046,0.01004,0.62305,0.3125,0.30254,0.20916,1.49305,34.9804,0.00916,0.000622709,0.000622709,0.000622709
257,50793.3,1.57192,45.9046,0.01004,0.62305,0.3125,0.30254,0.20916,1.49305,34.9804,0.00916,0.000621884,0.000621884,0.000621884
258,50802.6,1.57192,45.9046,0.01004,0.62305,0.3125,0.30254,0.20916,1.49305,34.9804,0.00916,0.00062106,0.00062106,0.00062106
259,50811.6,1.57192,45.9046,0.01004,0.62305,0.3125,0.30254,0.20916,1.49305,34.9804,0.00916,0.000620235,0.000620235,0.000620235
260,50820.8,1.57192,45.9046,0.01004,0.62305,0.3125,0.30254,0.20916,1.49305,34.9804,0.00916,0.00061941,0.00061941,0.00061941
261,50830.7,1.57192,45.9046,0.01004,0.62305,0.3125,0.30254,0.20916,1.49305,34.9804,0.00916,0.000618586,0.000618586,0.000618586
262,50839.7,1.57192,45.9046,0.01004,0.62305,0.3125,0.30254,0.20916,1.49305,34.9804,0.00916,0.000617761,0.000617761,0.000617761
263,50849.3,1.57192,45.9046,0.01004,0.62305,0.3125,0.30254,0.20916,1.49305,34.9804,0.00916,0.000616936,0.000616936,0.000616936
264,50858.6,1.57192,45.9046,0.01004,0.62305,0.3125,0.30254,0.20916,1.49305,34.9804,0.00916,0.000616112,0.000616112,0.000616112
265,50869.4,1.57192,45.9046,0.01004,0.62305,0.3125,0.30254,0.20916,1.49305,34.9804,0.00916,0.000615287,0.000615287,0.000615287
266,50879,1.57192,45.9046,0.01004,0.62305,0.3125,0.30254,0.20916,1.49305,34.9804,0.00916,0.000614462,0.000614462,0.000614462
267,50891.3,1.57192,45.9046,0.01004,0.62305,0.3125,0.30254,0.20916,1.49305,34.9804,0.00916,0.000613638,0.000613638,0.000613638
268,50900.5,1.57192,45.9046,0.01004,0.62305,0.3125,0.30254,0.20916,1.49305,34.9804,0.00916,0.000612813,0.000612813,0.000612813
269,50909.9,1.57192,45.9046,0.01004,0.62305,0.3125,0.30254,0.20916,1.49305,34.9804,0.00916,0.000611988,0.000611988,0.000611988
270,50919,1.57192,45.9046,0.01004,0.62305,0.3125,0.30254,0.20916,1.49305,34.9804,0.00916,0.000611164,0.000611164,0.000611164
271,50928.3,1.57192,45.9046,0.01004,0.62305,0.3125,0.30254,0.20916,1.49305,34.9804,0.00916,0.000610339,0.000610339,0.000610339
272,50937.4,1.57192,45.9046,0.01004,0.62305,0.3125,0.30254,0.20916,1.49305,34.9804,0.00916,0.000609514,0.000609514,0.000609514
273,50946.9,1.57192,45.9046,0.01004,0.62305,0.3125,0.30254,0.20916,1.49305,34.9804,0.00916,0.00060869,0.00060869,0.00060869
274,50956.3,1.57192,45.9046,0.01004,0.62305,0.3125,0.30254,0.20916,1.49305,34.9804,0.00916,0.000607865,0.000607865,0.000607865
275,50965.4,1.57192,45.9046,0.01004,0.62305,0.3125,0.30254,0.20916,1.49305,34.9804,0.00916,0.00060704,0.00060704,0.00060704
276,50974.4,1.57192,45.9046,0.01004,0.62305,0.3125,0.30254,0.20916,1.49305,34.9804,0.00916,0.000606216,0.000606216,0.000606216
277,50983.8,1.57192,45.9046,0.01004,0.62305,0.3125,0.30254,0.20916,1.49305,34.9804,0.00916,0.000605391,0.000605391,0.000605391
278,50993.6,1.57192,45.9046,0.01004,0.62305,0.3125,0.30254,0.20916,1.49305,34.9804,0.00916,0.000604566,0.000604566,0.000604566
279,51002.9,1.57192,45.9046,0.01004,0.62305,0.3125,0.30254,0.20916,1.49305,34.9804,0.00916,0.000603742,0.000603742,0.000603742
280,51012.6,1.57192,45.9046,0.01004,0.62305,0.3125,0.30254,0.20916,1.49305,34.9804,0.00916,0.000602917,0.000602917,0.000602917
281,51021.7,1.57192,45.9046,0.01004,0.62305,0.3125,0.30254,0.20916,1.49305,34.9804,0.00916,0.000602092,0.000602092,0.000602092
282,51031.5,1.57192,45.9046,0.01004,0.62305,0.3125,0.30254,0.20916,1.49305,34.9804,0.00916,0.000601268,0.000601268,0.000601268
283,51041.3,1.57192,45.9046,0.01004,0.62305,0.3125,0.30254,0.20916,1.49305,34.9804,0.00916,0.000600443,0.000600443,0.000600443
284,51050.8,1.57192,45.9046,0.01004,0.62305,0.3125,0.30254,0.20916,1.49305,34.9804,0.00916,0.000599618,0.000599618,0.000599618
285,51060.5,1.57192,45.9046,0.01004,0.62305,0.3125,0.30254,0.20916,1.49305,34.9804,0.00916,0.000598794,0.000598794,0.000598794
286,51070.4,1.57192,45.9046,0.01004,0.62305,0.3125,0.30254,0.20916,1.49305,34.9804,0.00916,0.000597969,0.000597969,0.000597969
287,51079.8,1.57192,45.9046,0.01004,0.62305,0.3125,0.30254,0.20916,1.49305,34.9804,0.00916,0.000597144,0.000597144,0.000597144
288,51088.8,1.57192,45.9046,0.01004,0.62305,0.3125,0.30254,0.20916,1.49305,34.9804,0.00916,0.00059632,0.00059632,0.00059632
289,51098.2,1.57192,45.9046,0.01004,0.62305,0.3125,0.30254,0.20916,1.49305,34.9804,0.00916,0.000595495,0.000595495,0.000595495
290,51107.1,1.57192,45.9046,0.01004,0.62305,0.3125,0.30254,0.20916,1.49305,34.9804,0.00916,0.00059467,0.00059467,0.00059467
291,51116.4,1.57192,45.9046,0.01004,0.62305,0.3125,0.30254,0.20916,1.49305,34.9804,0.00916,0.000593846,0.000593846,0.000593846
292,51128.9,1.57192,45.9046,0.01004,0.62305,0.3125,0.30254,0.20916,1.49305,34.9804,0.00916,0.000593021,0.000593021,0.000593021
293,51140.6,1.57192,45.9046,0.01004,0.62305,0.3125,0.30254,0.20916,1.49305,34.9804,0.00916,0.000592196,0.000592196,0.000592196
294,51152.5,1.57192,45.9046,0.01004,0.62305,0.3125,0.30254,0.20916,1.49305,34.9804,0.00916,0.000591372,0.000591372,0.000591372
295,51164.4,1.57192,45.9046,0.01004,0.62305,0.3125,0.30254,0.20916,1.49305,34.9804,0.00916,0.000590547,0.000590547,0.000590547
296,51175.3,1.57192,45.9046,0.01004,0.62305,0.3125,0.30254,0.20916,1.49305,34.9804,0.00916,0.000589722,0.000589722,0.000589722
297,51185.8,1.57192,45.9046,0.01004,0.62305,0.3125,0.30254,0.20916,1.49305,34.9804,0.00916,0.000588898,0.000588898,0.000588898
298,51196.3,1.57192,45.9046,0.01004,0.62305,0.3125,0.30254,0.20916,1.49305,34.9804,0.00916,0.000588073,0.000588073,0.000588073
299,51206.6,1.57192,45.9046,0.01004,0.62305,0.3125,0.30254,0.20916,1.49305,34.9804,0.00916,0.000587248,0.000587248,0.000587248
300,51216.2,1.57192,45.9046,0.01004,0.62305,0.3125,0.30254,0.20916,1.49305,34.9804,0.00916,0.000586424,0.000586424,0.000586424
301,51225.9,1.57192,45.9046,0.01004,0.62305,0.3125,0.30254,0.20916,1.49305,34.9804,0.00916,0.000585599,0.000585599,0.000585599
302,51235.1,1.57192,45.9046,0.01004,0.62305,0.3125,0.30254,0.20916,1.49305,34.9804,0.00916,0.000584774,0.000584774,0.000584774
303,51244.6,1.57192,45.9046,0.01004,0.62305,0.3125,0.30254,0.20916,1.49305,34.9804,0.00916,0.00058395,0.00058395,0.00058395
304,51254.8,1.57192,45.9046,0.01004,0.62305,0.3125,0.30254,0.20916,1.49305,34.9804,0.00916,0.000583125,0.000583125,0.000583125
305,51264.5,1.57192,45.9046,0.01004,0.62305,0.3125,0.30254,0.20916,1.49305,34.9804,0.00916,0.0005823,0.0005823,0.0005823
306,51273.8,1.57192,45.9046,0.01004,0.62305,0.3125,0.30254,0.20916,1.49305,34.9804,0.00916,0.000581476,0.000581476,0.000581476
307,51283.6,1.57192,45.9046,0.01004,0.62305,0.3125,0.30254,0.20916,1.49305,34.9804,0.00916,0.000580651,0.000580651,0.000580651
308,51293.3,1.57192,45.9046,0.01004,0.62305,0.3125,0.30254,0.20916,1.49305,34.9804,0.00916,0.000579826,0.000579826,0.000579826
309,51302.7,1.57192,45.9046,0.01004,0.62305,0.3125,0.30254,0.20916,1.49305,34.9804,0.00916,0.000579002,0.000579002,0.000579002
310,51312.6,1.57192,45.9046,0.01004,0.62305,0.3125,0.30254,0.20916,1.49305,34.9804,0.00916,0.000578177,0.000578177,0.000578177
311,51321.7,1.57192,45.9046,0.01004,0.62305,0.3125,0.30254,0.20916,1.49305,34.9804,0.00916,0.000577352,0.000577352,0.000577352
312,51331.6,1.57192,45.9046,0.01004,0.62305,0.3125,0.30254,0.20916,1.49305,34.9804,0.00916,0.000576528,0.000576528,0.000576528
313,51341,1.57192,45.9046,0.01004,0.62305,0.3125,0.30254,0.20916,1.49305,34.9804,0.00916,0.000575703,0.000575703,0.000575703
314,51350.9,1.57192,45.9046,0.01004,0.62305,0.3125,0.30254,0.20916,1.49305,34.9804,0.00916,0.000574878,0.000574878,0.000574878
315,51360.2,1.57192,45.9046,0.01004,0.62305,0.3125,0.30254,0.20916,1.49305,34.9804,0.00916,0.000574054,0.000574054,0.000574054
316,51370.4,1.57192,45.9046,0.01004,0.84887,0.0625,0.21216,0.13024,1.22082,32.0189,0.0083,0.000573229,0.000573229,0.000573229
317,51380.1,2.05118,42.8288,0.01434,0.84887,0.0625,0.21216,0.13024,1.22082,32.0189,0.0083,0.000572404,0.000572404,0.000572404
318,51389.1,2.05118,42.8288,0.01434,0.84887,0.0625,0.21216,0.13024,1.22082,32.0189,0.0083,0.00057158,0.00057158,0.00057158
319,51398.4,2.05118,42.8288,0.01434,0.84887,0.0625,0.21216,0.13024,1.22082,32.0189,0.0083,0.000570755,0.000570755,0.000570755
320,51408.3,2.05118,42.8288,0.01434,0.84887,0.0625,0.21216,0.13024,1.22082,32.0189,0.0083,0.00056993,0.00056993,0.00056993
321,51418.9,2.05118,42.8288,0.01434,0.84887,0.0625,0.21216,0.13024,1.22082,32.0189,0.0083,0.000569106,0.000569106,0.000569106
322,51429.4,2.05118,42.8288,0.01434,0.84887,0.0625,0.21216,0.13024,1.22082,32.0189,0.0083,0.000568281,0.000568281,0.000568281
323,51438.8,2.05118,42.8288,0.01434,0.84887,0.0625,0.21216,0.13024,1.22082,32.0189,0.0083,0.000567456,0.000567456,0.000567456
324,51448.3,2.05118,42.8288,0.01434,0.84887,0.0625,0.21216,0.13024,1.22082,32.0189,0.0083,0.000566632,0.000566632,0.000566632
325,51457.6,2.05118,42.8288,0.01434,0.84887,0.0625,0.21216,0.13024,1.22082,32.0189,0.0083,0.000565807,0.000565807,0.000565807
326,51466.7,2.05118,42.8288,0.01434,0.84887,0.0625,0.21216,0.13024,1.22082,32.0189,0.0083,0.000564982,0.000564982,0.000564982
327,51476.7,2.05118,42.8288,0.01434,0.84887,0.0625,0.21216,0.13024,1.22082,32.0189,0.0083,0.000564158,0.000564158,0.000564158
328,51486,2.05118,42.8288,0.01434,0.84887,0.0625,0.21216,0.13024,1.22082,32.0189,0.0083,0.000563333,0.000563333,0.000563333
329,51495.6,2.05118,42.8288,0.01434,0.84887,0.0625,0.21216,0.13024,1.22082,32.0189,0.0083,0.000562508,0.000562508,0.000562508
330,51504.7,2.05118,42.8288,0.01434,0.84887,0.0625,0.21216,0.13024,1.22082,32.0189,0.0083,0.000561684,0.000561684,0.000561684
331,51514.1,2.05118,42.8288,0.01434,0.84887,0.0625,0.21216,0.13024,1.22082,32.0189,0.0083,0.000560859,0.000560859,0.000560859
332,51523.1,2.05118,42.8288,0.01434,0.84887,0.0625,0.21216,0.13024,1.22082,32.0189,0.0083,0.000560034,0.000560034,0.000560034
333,51532.9,2.05118,42.8288,0.01434,0.84887,0.0625,0.21216,0.13024,1.22082,32.0189,0.0083,0.00055921,0.00055921,0.00055921
334,51542,2.05118,42.8288,0.01434,0.84887,0.0625,0.21216,0.13024,1.22082,32.0189,0.0083,0.000558385,0.000558385,0.000558385
335,51552.4,2.05118,42.8288,0.01434,0.84887,0.0625,0.21216,0.13024,1.22082,32.0189,0.0083,0.00055756,0.00055756,0.00055756
336,51561.4,2.05118,42.8288,0.01434,0.84887,0.0625,0.21216,0.13024,1.22082,32.0189,0.0083,0.000556736,0.000556736,0.000556736
337,51570.7,2.05118,42.8288,0.01434,0.84887,0.0625,0.21216,0.13024,1.22082,32.0189,0.0083,0.000555911,0.000555911,0.000555911
338,51580.6,2.05118,42.8288,0.01434,0.84887,0.0625,0.21216,0.13024,1.22082,32.0189,0.0083,0.000555086,0.000555086,0.000555086
339,51589.9,2.05118,42.8288,0.01434,0.84887,0.0625,0.21216,0.13024,1.22082,32.0189,0.0083,0.000554262,0.000554262,0.000554262
340,51599.6,2.05118,42.8288,0.01434,0.84887,0.0625,0.21216,0.13024,1.22082,32.0189,0.0083,0.000553437,0.000553437,0.000553437
341,51609.8,2.05118,42.8288,0.01434,0.84887,0.0625,0.21216,0.13024,1.22082,32.0189,0.0083,0.000552612,0.000552612,0.000552612
342,51619.2,2.05118,42.8288,0.01434,0.84887,0.0625,0.21216,0.13024,1.22082,32.0189,0.0083,0.000551788,0.000551788,0.000551788
343,51628.2,2.05118,42.8288,0.01434,0.84887,0.0625,0.21216,0.13024,1.22082,32.0189,0.0083,0.000550963,0.000550963,0.000550963
344,51637.1,2.05118,42.8288,0.01434,0.84887,0.0625,0.21216,0.13024,1.22082,32.0189,0.0083,0.000550138,0.000550138,0.000550138
345,51646.9,2.05118,42.8288,0.01434,0.84887,0.0625,0.21216,0.13024,1.22082,32.0189,0.0083,0.000549314,0.000549314,0.000549314
346,51656.7,2.05118,42.8288,0.01434,0.84887,0.0625,0.21216,0.13024,1.22082,32.0189,0.0083,0.000548489,0.000548489,0.000548489
347,51666.2,2.05118,42.8288,0.01434,0.84887,0.0625,0.21216,0.13024,1.22082,32.0189,0.0083,0.000547664,0.000547664,0.000547664
348,51675.6,2.05118,42.8288,0.01434,0.84887,0.0625,0.21216,0.13024,1.22082,32.0189,0.0083,0.00054684,0.00054684,0.00054684
349,51685,2.05118,42.8288,0.01434,0.84887,0.0625,0.21216,0.13024,1.22082,32.0189,0.0083,0.000546015,0.000546015,0.000546015
350,51694.2,2.05118,42.8288,0.01434,0.84887,0.0625,0.21216,0.13024,1.22082,32.0189,0.0083,0.00054519,0.00054519,0.00054519
351,51703.6,2.05118,42.8288,0.01434,0.84887,0.0625,0.21216,0.13024,1.22082,32.0189,0.0083,0.000544365,0.000544365,0.000544365
352,51713.5,2.05118,42.8288,0.01434,0.84887,0.0625,0.21216,0.13024,1.22082,32.0189,0.0083,0.000543541,0.000543541,0.000543541
353,51723.6,2.05118,42.8288,0.01434,0.84887,0.0625,0.21216,0.13024,1.22082,32.0189,0.0083,0.000542716,0.000542716,0.000542716
354,51733.1,2.05118,42.8288,0.01434,0.84887,0.0625,0.21216,0.13024,1.22082,32.0189,0.0083,0.000541891,0.000541891,0.000541891
355,51742.9,2.05118,42.8288,0.01434,0.84887,0.0625,0.21216,0.13024,1.22082,32.0189,0.0083,0.000541067,0.000541067,0.000541067
356,51752.8,2.05118,42.8288,0.01434,0.84887,0.0625,0.21216,0.13024,1.22082,32.0189,0.0083,0.000540242,0.000540242,0.000540242
357,51762.2,2.05118,42.8288,0.01434,0.84887,0.0625,0.21216,0.13024,1.22082,32.0189,0.0083,0.000539417,0.000539417,0.000539417
358,51771.7,2.05118,42.8288,0.01434,0.84887,0.0625,0.21216,0.13024,1.22082,32.0189,0.0083,0.000538593,0.000538593,0.000538593
359,51781.6,2.05118,42.8288,0.01434,0.84887,0.0625,0.21216,0.13024,1.22082,32.0189,0.0083,0.000537768,0.000537768,0.000537768
360,51791.6,2.05118,42.8288,0.01434,0.84887,0.0625,0.21216,0.13024,1.22082,32.0189,0.0083,0.000536943,0.000536943,0.000536943
361,51801.4,2.05118,42.8288,0.01434,0.84887,0.0625,0.21216,0.13024,1.22082,32.0189,0.0083,0.000536119,0.000536119,0.000536119
362,51810.8,2.05118,42.8288,0.01434,0.84887,0.0625,0.21216,0.13024,1.22082,32.0189,0.0083,0.000535294,0.000535294,0.000535294
363,51820.1,2.05118,42.8288,0.01434,0.84887,0.0625,0.21216,0.13024,1.22082,32.0189,0.0083,0.000534469,0.000534469,0.000534469
364,51829.6,2.05118,42.8288,0.01434,0.84887,0.0625,0.21216,0.13024,1.22082,32.0189,0.0083,0.000533645,0.000533645,0.000533645
365,51839.4,2.05118,42.8288,0.01434,0.84887,0.0625,0.21216,0.13024,1.22082,32.0189,0.0083,0.00053282,0.00053282,0.00053282
366,51849,2.05118,42.8288,0.01434,0.84887,0.0625,0.21216,0.13024,1.22082,32.0189,0.0083,0.000531995,0.000531995,0.000531995
367,51858.9,2.05118,42.8288,0.01434,0.84887,0.0625,0.21216,0.13024,1.22082,32.0189,0.0083,0.000531171,0.000531171,0.000531171
368,51868.3,2.05118,42.8288,0.01434,0.84887,0.0625,0.21216,0.13024,1.22082,32.0189,0.0083,0.000530346,0.000530346,0.000530346
369,51877.7,2.05118,42.8288,0.01434,0.84887,0.0625,0.21216,0.13024,1.22082,32.0189,0.0083,0.000529521,0.000529521,0.000529521
370,51887.5,2.05118,42.8288,0.01434,0.84887,0.0625,0.21216,0.13024,1.22082,32.0189,0.0083,0.000528697,0.000528697,0.000528697
371,51896.9,2.05118,42.8288,0.01434,0.84887,0.0625,0.21216,0.13024,1.22082,32.0189,0.0083,0.000527872,0.000527872,0.000527872
372,51906.5,2.05118,42.8288,0.01434,0.84887,0.0625,0.21216,0.13024,1.22082,32.0189,0.0083,0.000527047,0.000527047,0.000527047
373,51916,2.05118,42.8288,0.01434,0.84887,0.0625,0.21216,0.13024,1.22082,32.0189,0.0083,0.000526223,0.000526223,0.000526223
374,51925.5,2.05118,42.8288,0.01434,0.84887,0.0625,0.21216,0.13024,1.22082,32.0189,0.0083,0.000525398,0.000525398,0.000525398
375,51935.1,2.05118,42.8288,0.01434,0.84887,0.0625,0.21216,0.13024,1.22082,32.0189,0.0083,0.000524573,0.000524573,0.000524573
376,51944.6,2.05118,42.8288,0.01434,0.84887,0.0625,0.21216,0.13024,1.22082,32.0189,0.0083,0.000523749,0.000523749,0.000523749
377,51954.5,2.05118,42.8288,0.01434,0.84887,0.0625,0.21216,0.13024,1.22082,32.0189,0.0083,0.000522924,0.000522924,0.000522924
378,51963.8,2.05118,42.8288,0.01434,0.84887,0.0625,0.21216,0.13024,1.22082,32.0189,0.0083,0.000522099,0.000522099,0.000522099
379,51973.6,2.05118,42.8288,0.01434,0.84887,0.0625,0.21216,0.13024,1.22082,32.0189,0.0083,0.000521275,0.000521275,0.000521275
380,51983.7,2.05118,42.8288,0.01434,0.70157,0.1875,0.45096,0.28543,1.31246,29.3222,0.01049,0.00052045,0.00052045,0.00052045
381,51993.3,1.53549,37.218,0.008,0.70157,0.1875,0.45096,0.28543,1.31246,29.3222,0.01049,0.000519625,0.000519625,0.000519625
382,52003,1.53549,37.218,0.008,0.70157,0.1875,0.45096,0.28543,1.31246,29.3222,0.01049,0.000518801,0.000518801,0.000518801
383,52012.8,1.53549,37.218,0.008,0.70157,0.1875,0.45096,0.28543,1.31246,29.3222,0.01049,0.000517976,0.000517976,0.000517976
384,52022.8,1.53549,37.218,0.008,0.70157,0.1875,0.45096,0.28543,1.31246,29.3222,0.01049,0.000517151,0.000517151,0.000517151
385,52033,1.53549,37.218,0.008,0.70157,0.1875,0.45096,0.28543,1.31246,29.3222,0.01049,0.000516327,0.000516327,0.000516327
386,52042.8,1.53549,37.218,0.008,0.70157,0.1875,0.45096,0.28543,1.31246,29.3222,0.01049,0.000515502,0.000515502,0.000515502
387,52052.5,1.53549,37.218,0.008,0.70157,0.1875,0.45096,0.28543,1.31246,29.3222,0.01049,0.000514677,0.000514677,0.000514677
388,52064.1,1.53549,37.218,0.008,0.70157,0.1875,0.45096,0.28543,1.31246,29.3222,0.01049,0.000513853,0.000513853,0.000513853
389,52076.1,1.53549,37.218,0.008,0.70157,0.1875,0.45096,0.28543,1.31246,29.3222,0.01049,0.000513028,0.000513028,0.000513028
390,52086,1.53549,37.218,0.008,0.70157,0.1875,0.45096,0.28543,1.31246,29.3222,0.01049,0.000512203,0.000512203,0.000512203
391,52095.6,1.53549,37.218,0.008,0.70157,0.1875,0.45096,0.28543,1.31246,29.3222,0.01049,0.000511379,0.000511379,0.000511379
392,52105.4,1.53549,37.218,0.008,0.70157,0.1875,0.45096,0.28543,1.31246,29.3222,0.01049,0.000510554,0.000510554,0.000510554
393,52115.2,1.53549,37.218,0.008,0.70157,0.1875,0.45096,0.28543,1.31246,29.3222,0.01049,0.000509729,0.000509729,0.000509729
394,52124.8,1.53549,37.218,0.008,0.70157,0.1875,0.45096,0.28543,1.31246,29.3222,0.01049,0.000508905,0.000508905,0.000508905
395,52134.6,1.53549,37.218,0.008,0.70157,0.1875,0.45096,0.28543,1.31246,29.3222,0.01049,0.00050808,0.00050808,0.00050808
396,52144.3,1.53549,37.218,0.008,0.70157,0.1875,0.45096,0.28543,1.31246,29.3222,0.01049,0.000507255,0.000507255,0.000507255
397,52154.9,1.53549,37.218,0.008,0.70157,0.1875,0.45096,0.28543,1.31246,29.3222,0.01049,0.000506431,0.000506431,0.000506431
398,52164.2,1.53549,37.218,0.008,0.70157,0.1875,0.45096,0.28543,1.31246,29.3222,0.01049,0.000505606,0.000505606,0.000505606
399,52173.7,1.53549,37.218,0.008,0.70157,0.1875,0.45096,0.28543,1.31246,29.3222,0.01049,0.000504781,0.000504781,0.000504781
400,52183.2,1.53549,37.218,0.008,0.70157,0.1875,0.45096,0.28543,1.31246,29.3222,0.01049,0.000503957,0.000503957,0.000503957
401,52193.8,1.53549,37.218,0.008,0.70157,0.1875,0.45096,0.28543,1.31246,29.3222,0.01049,0.000503132,0.000503132,0.000503132
402,52203.5,1.53549,37.218,0.008,0.70157,0.1875,0.45096,0.28543,1.31246,29.3222,0.01049,0.000502307,0.000502307,0.000502307
403,52213.4,1.53549,37.218,0.008,0.70157,0.1875,0.45096,0.28543,1.31246,29.3222,0.01049,0.000501483,0.000501483,0.000501483
404,52223.3,1.53549,37.218,0.008,0.70157,0.1875,0.45096,0.28543,1.31246,29.3222,0.01049,0.000500658,0.000500658,0.000500658
405,52233.4,1.53549,37.218,0.008,0.70157,0.1875,0.45096,0.28543,1.31246,29.3222,0.01049,0.000499833,0.000499833,0.000499833
406,52243.2,1.53549,37.218,0.008,0.70157,0.1875,0.45096,0.28543,1.31246,29.3222,0.01049,0.000499009,0.000499009,0.000499009
407,52252.9,1.53549,37.218,0.008,0.70157,0.1875,0.45096,0.28543,1.31246,29.3222,0.01049,0.000498184,0.000498184,0.000498184
408,52263,1.53549,37.218,0.008,0.70157,0.1875,0.45096,0.28543,1.31246,29.3222,0.01049,0.000497359,0.000497359,0.000497359
409,52273.1,1.53549,37.218,0.008,0.70157,0.1875,0.45096,0.28543,1.31246,29.3222,0.01049,0.000496535,0.000496535,0.000496535
410,52284.1,1.53549,37.218,0.008,0.70157,0.1875,0.45096,0.28543,1.31246,29.3222,0.01049,0.00049571,0.00049571,0.00049571
411,52293.8,1.53549,37.218,0.008,0.70157,0.1875,0.45096,0.28543,1.31246,29.3222,0.01049,0.000494885,0.000494885,0.000494885
412,52303.8,1.53549,37.218,0.008,0.70157,0.1875,0.45096,0.28543,1.31246,29.3222,0.01049,0.000494061,0.000494061,0.000494061
413,52313.7,1.53549,37.218,0.008,0.70157,0.1875,0.45096,0.28543,1.31246,29.3222,0.01049,0.000493236,0.000493236,0.000493236
414,52323.9,1.53549,37.218,0.008,0.70157,0.1875,0.45096,0.28543,1.31246,29.3222,0.01049,0.000492411,0.000492411,0.000492411
415,52335.3,1.53549,37.218,0.008,0.70157,0.1875,0.45096,0.28543,1.31246,29.3222,0.01049,0.000491587,0.000491587,0.000491587
416,52345.7,1.53549,37.218,0.008,0.70157,0.1875,0.45096,0.28543,1.31246,29.3222,0.01049,0.000490762,0.000490762,0.000490762
417,52355.9,1.53549,37.218,0.008,0.70157,0.1875,0.45096,0.28543,1.31246,29.3222,0.01049,0.000489937,0.000489937,0.000489937
418,52365.7,1.53549,37.218,0.008,0.70157,0.1875,0.45096,0.28543,1.31246,29.3222,0.01049,0.000489113,0.000489113,0.000489113
419,52375.5,1.53549,37.218,0.008,0.70157,0.1875,0.45096,0.28543,1.31246,29.3222,0.01049,0.000488288,0.000488288,0.000488288
420,52386.4,1.53549,37.218,0.008,0.70157,0.1875,0.45096,0.28543,1.31246,29.3222,0.01049,0.000487463,0.000487463,0.000487463
421,52396.3,1.53549,37.218,0.008,0.70157,0.1875,0.45096,0.28543,1.31246,29.3222,0.01049,0.000486639,0.000486639,0.000486639
422,52407,1.53549,37.218,0.008,0.70157,0.1875,0.45096,0.28543,1.31246,29.3222,0.01049,0.000485814,0.000485814,0.000485814
423,52417.1,1.53549,37.218,0.008,0.70157,0.1875,0.45096,0.28543,1.31246,29.3222,0.01049,0.000484989,0.000484989,0.000484989
424,52427.2,1.53549,37.218,0.008,0.70157,0.1875,0.45096,0.28543,1.31246,29.3222,0.01049,0.000484165,0.000484165,0.000484165
425,52437.2,1.53549,37.218,0.008,0.70157,0.1875,0.45096,0.28543,1.31246,29.3222,0.01049,0.00048334,0.00048334,0.00048334
426,52447.8,1.53549,37.218,0.008,0.70157,0.1875,0.45096,0.28543,1.31246,29.3222,0.01049,0.000482515,0.000482515,0.000482515
427,52458.3,1.53549,37.218,0.008,0.70157,0.1875,0.45096,0.28543,1.31246,29.3222,0.01049,0.000481691,0.000481691,0.000481691
428,52468.8,1.53549,37.218,0.008,0.70157,0.1875,0.45096,0.28543,1.31246,29.3222,0.01049,0.000480866,0.000480866,0.000480866
429,52478.8,1.53549,37.218,0.008,0.70157,0.1875,0.45096,0.28543,1.31246,29.3222,0.01049,0.000480041,0.000480041,0.000480041
430,52488.8,1.53549,37.218,0.008,0.70157,0.1875,0.45096,0.28543,1.31246,29.3222,0.01049,0.000479217,0.000479217,0.000479217
431,52498.7,1.53549,37.218,0.008,0.70157,0.1875,0.45096,0.28543,1.31246,29.3222,0.01049,0.000478392,0.000478392,0.000478392
432,52509,1.53549,37.218,0.008,0.70157,0.1875,0.45096,0.28543,1.31246,29.3222,0.01049,0.000477567,0.000477567,0.000477567
433,52519,1.53549,37.218,0.008,0.70157,0.1875,0.45096,0.28543,1.31246,29.3222,0.01049,0.000476743,0.000476743,0.000476743
434,52529.2,1.53549,37.218,0.008,0.70157,0.1875,0.45096,0.28543,1.31246,29.3222,0.01049,0.000475918,0.000475918,0.000475918
435,52539.2,1.53549,37.218,0.008,0.70157,0.1875,0.45096,0.28543,1.31246,29.3222,0.01049,0.000475093,0.000475093,0.000475093
436,52549.2,1.53549,37.218,0.008,0.70157,0.1875,0.45096,0.28543,1.31246,29.3222,0.01049,0.000474269,0.000474269,0.000474269
437,52559.7,1.53549,37.218,0.008,0.70157,0.1875,0.45096,0.28543,1.31246,29.3222,0.01049,0.000473444,0.000473444,0.000473444
438,52570.4,1.53549,37.218,0.008,0.70157,0.1875,0.45096,0.28543,1.31246,29.3222,0.01049,0.000472619,0.000472619,0.000472619
439,52580.2,1.53549,37.218,0.008,0.70157,0.1875,0.45096,0.28543,1.31246,29.3222,0.01049,0.000471795,0.000471795,0.000471795
440,52590,1.53549,37.218,0.008,0.70157,0.1875,0.45096,0.28543,1.31246,29.3222,0.01049,0.00047097,0.00047097,0.00047097
441,52600.2,1.53549,37.218,0.008,0.70157,0.1875,0.45096,0.28543,1.31246,29.3222,0.01049,0.000470145,0.000470145,0.000470145
442,52610.2,1.53549,37.218,0.008,0.70157,0.1875,0.45096,0.28543,1.31246,29.3222,0.01049,0.000469321,0.000469321,0.000469321
443,52620.3,1.53549,37.218,0.008,0.70157,0.1875,0.45096,0.28543,1.31246,29.3222,0.01049,0.000468496,0.000468496,0.000468496
444,52632.8,1.53549,37.218,0.008,0.68926,0.375,0.37102,0.2105,1.22799,28.7533,0.00921,0.000467671,0.000467671,0.000467671
445,52643.4,1.5551,31.9171,0.00882,0.68926,0.375,0.37102,0.2105,1.22799,28.7533,0.00921,0.000466847,0.000466847,0.000466847
446,52653.1,1.5551,31.9171,0.00882,0.68926,0.375,0.37102,0.2105,1.22799,28.7533,0.00921,0.000466022,0.000466022,0.000466022
447,52662.6,1.5551,31.9171,0.00882,0.68926,0.375,0.37102,0.2105,1.22799,28.7533,0.00921,0.000465197,0.000465197,0.000465197
448,52672.5,1.5551,31.9171,0.00882,0.68926,0.375,0.37102,0.2105,1.22799,28.7533,0.00921,0.000464373,0.000464373,0.000464373
449,52682.7,1.5551,31.9171,0.00882,0.68926,0.375,0.37102,0.2105,1.22799,28.7533,0.00921,0.000463548,0.000463548,0.000463548
450,52694,1.5551,31.9171,0.00882,0.68926,0.375,0.37102,0.2105,1.22799,28.7533,0.00921,0.000462723,0.000462723,0.000462723
451,52703.9,1.5551,31.9171,0.00882,0.68926,0.375,0.37102,0.2105,1.22799,28.7533,0.00921,0.000461898,0.000461898,0.000461898
452,52713.6,1.5551,31.9171,0.00882,0.68926,0.375,0.37102,0.2105,1.22799,28.7533,0.00921,0.000461074,0.000461074,0.000461074
453,52723.4,1.5551,31.9171,0.00882,0.68926,0.375,0.37102,0.2105,1.22799,28.7533,0.00921,0.000460249,0.000460249,0.000460249
454,52733.1,1.5551,31.9171,0.00882,0.68926,0.375,0.37102,0.2105,1.22799,28.7533,0.00921,0.000459424,0.000459424,0.000459424
455,52742.8,1.5551,31.9171,0.00882,0.68926,0.375,0.37102,0.2105,1.22799,28.7533,0.00921,0.0004586,0.0004586,0.0004586
456,52753,1.5551,31.9171,0.00882,0.68926,0.375,0.37102,0.2105,1.22799,28.7533,0.00921,0.000457775,0.000457775,0.000457775
457,52763.6,1.5551,31.9171,0.00882,0.68926,0.375,0.37102,0.2105,1.22799,28.7533,0.00921,0.00045695,0.00045695,0.00045695
458,52773.5,1.5551,31.9171,0.00882,0.68926,0.375,0.37102,0.2105,1.22799,28.7533,0.00921,0.000456126,0.000456126,0.000456126
459,52783.7,1.5551,31.9171,0.00882,0.68926,0.375,0.37102,0.2105,1.22799,28.7533,0.00921,0.000455301,0.000455301,0.000455301
460,52794,1.5551,31.9171,0.00882,0.68926,0.375,0.37102,0.2105,1.22799,28.7533,0.00921,0.000454476,0.000454476,0.000454476
461,52803.6,1.5551,31.9171,0.00882,0.68926,0.375,0.37102,0.2105,1.22799,28.7533,0.00921,0.000453652,0.000453652,0.000453652
462,52814,1.5551,31.9171,0.00882,0.68926,0.375,0.37102,0.2105,1.22799,28.7533,0.00921,0.000452827,0.000452827,0.000452827
463,52824.3,1.5551,31.9171,0.00882,0.68926,0.375,0.37102,0.2105,1.22799,28.7533,0.00921,0.000452002,0.000452002,0.000452002
464,52834.1,1.5551,31.9171,0.00882,0.68926,0.375,0.37102,0.2105,1.22799,28.7533,0.00921,0.000451178,0.000451178,0.000451178
465,52844.4,1.5551,31.9171,0.00882,0.68926,0.375,0.37102,0.2105,1.22799,28.7533,0.00921,0.000450353,0.000450353,0.000450353
466,52854.2,1.5551,31.9171,0.00882,0.68926,0.375,0.37102,0.2105,1.22799,28.7533,0.00921,0.000449528,0.000449528,0.000449528
467,52864.3,1.5551,31.9171,0.00882,0.68926,0.375,0.37102,0.2105,1.22799,28.7533,0.00921,0.000448704,0.000448704,0.000448704
468,52877.2,1.5551,31.9171,0.00882,0.68926,0.375,0.37102,0.2105,1.22799,28.7533,0.00921,0.000447879,0.000447879,0.000447879
469,52888.8,1.5551,31.9171,0.00882,0.68926,0.375,0.37102,0.2105,1.22799,28.7533,0.00921,0.000447054,0.000447054,0.000447054
470,52901.2,1.5551,31.9171,0.00882,0.68926,0.375,0.37102,0.2105,1.22799,28.7533,0.00921,0.00044623,0.00044623,0.00044623
471,52912,1.5551,31.9171,0.00882,0.68926,0.375,0.37102,0.2105,1.22799,28.7533,0.00921,0.000445405,0.000445405,0.000445405
472,52922.5,1.5551,31.9171,0.00882,0.68926,0.375,0.37102,0.2105,1.22799,28.7533,0.00921,0.00044458,0.00044458,0.00044458
473,52932.9,1.5551,31.9171,0.00882,0.68926,0.375,0.37102,0.2105,1.22799,28.7533,0.00921,0.000443756,0.000443756,0.000443756
474,52942.3,1.5551,31.9171,0.00882,0.68926,0.375,0.37102,0.2105,1.22799,28.7533,0.00921,0.000442931,0.000442931,0.000442931
475,52951.8,1.5551,31.9171,0.00882,0.68926,0.375,0.37102,0.2105,1.22799,28.7533,0.00921,0.000442106,0.000442106,0.000442106
476,52961.8,1.5551,31.9171,0.00882,0.68926,0.375,0.37102,0.2105,1.22799,28.7533,0.00921,0.000441282,0.000441282,0.000441282
477,52971.5,1.5551,31.9171,0.00882,0.68926,0.375,0.37102,0.2105,1.22799,28.7533,0.00921,0.000440457,0.000440457,0.000440457
478,52982.3,1.5551,31.9171,0.00882,0.68926,0.375,0.37102,0.2105,1.22799,28.7533,0.00921,0.000439632,0.000439632,0.000439632
479,52996.2,1.5551,31.9171,0.00882,0.68926,0.375,0.37102,0.2105,1.22799,28.7533,0.00921,0.000438808,0.000438808,0.000438808
480,53007.9,1.5551,31.9171,0.00882,0.68926,0.375,0.37102,0.2105,1.22799,28.7533,0.00921,0.000437983,0.000437983,0.000437983
481,53019.3,1.5551,31.9171,0.00882,0.68926,0.375,0.37102,0.2105,1.22799,28.7533,0.00921,0.000437158,0.000437158,0.000437158
482,53030.6,1.5551,31.9171,0.00882,0.68926,0.375,0.37102,0.2105,1.22799,28.7533,0.00921,0.000436334,0.000436334,0.000436334
483,53039.7,1.5551,31.9171,0.00882,0.68926,0.375,0.37102,0.2105,1.22799,28.7533,0.00921,0.000435509,0.000435509,0.000435509
484,53050.1,1.5551,31.9171,0.00882,0.68926,0.375,0.37102,0.2105,1.22799,28.7533,0.00921,0.000434684,0.000434684,0.000434684
485,53059.5,1.5551,31.9171,0.00882,0.68926,0.375,0.37102,0.2105,1.22799,28.7533,0.00921,0.00043386,0.00043386,0.00043386
486,53069.1,1.5551,31.9171,0.00882,0.68926,0.375,0.37102,0.2105,1.22799,28.7533,0.00921,0.000433035,0.000433035,0.000433035
487,53078.5,1.5551,31.9171,0.00882,0.68926,0.375,0.37102,0.2105,1.22799,28.7533,0.00921,0.00043221,0.00043221,0.00043221
488,53088,1.5551,31.9171,0.00882,0.68926,0.375,0.37102,0.2105,1.22799,28.7533,0.00921,0.000431386,0.000431386,0.000431386
489,53097.6,1.5551,31.9171,0.00882,0.68926,0.375,0.37102,0.2105,1.22799,28.7533,0.00921,0.000430561,0.000430561,0.000430561
490,53107.4,1.5551,31.9171,0.00882,0.68926,0.375,0.37102,0.2105,1.22799,28.7533,0.00921,0.000429736,0.000429736,0.000429736
491,53116.8,1.5551,31.9171,0.00882,0.68926,0.375,0.37102,0.2105,1.22799,28.7533,0.00921,0.000428912,0.000428912,0.000428912
492,53126.2,1.5551,31.9171,0.00882,0.68926,0.375,0.37102,0.2105,1.22799,28.7533,0.00921,0.000428087,0.000428087,0.000428087
493,53135.6,1.5551,31.9171,0.00882,0.68926,0.375,0.37102,0.2105,1.22799,28.7533,0.00921,0.000427262,0.000427262,0.000427262
494,53145.5,1.5551,31.9171,0.00882,0.68926,0.375,0.37102,0.2105,1.22799,28.7533,0.00921,0.000426438,0.000426438,0.000426438
495,53155.5,1.5551,31.9171,0.00882,0.68926,0.375,0.37102,0.2105,1.22799,28.7533,0.00921,0.000425613,0.000425613,0.000425613
496,53164.9,1.5551,31.9171,0.00882,0.68926,0.375,0.37102,0.2105,1.22799,28.7533,0.00921,0.000424788,0.000424788,0.000424788
497,53174.8,1.5551,31.9171,0.00882,0.68926,0.375,0.37102,0.2105,1.22799,28.7533,0.00921,0.000423964,0.000423964,0.000423964
498,53184.3,1.5551,31.9171,0.00882,0.68926,0.375,0.37102,0.2105,1.22799,28.7533,0.00921,0.000423139,0.000423139,0.000423139
499,53193.9,1.5551,31.9171,0.00882,0.68926,0.375,0.37102,0.2105,1.22799,28.7533,0.00921,0.000422314,0.000422314,0.000422314
500,53203.2,1.5551,31.9171,0.00882,0.68926,0.375,0.37102,0.2105,1.22799,28.7533,0.00921,0.00042149,0.00042149,0.00042149
501,53212.6,1.5551,31.9171,0.00882,0.68926,0.375,0.37102,0.2105,1.22799,28.7533,0.00921,0.000420665,0.000420665,0.000420665
502,53222.2,1.5551,31.9171,0.00882,0.68926,0.375,0.37102,0.2105,1.22799,28.7533,0.00921,0.00041984,0.00041984,0.00041984
503,53232,1.5551,31.9171,0.00882,0.68926,0.375,0.37102,0.2105,1.22799,28.7533,0.00921,0.000419016,0.000419016,0.000419016
504,53241.2,1.5551,31.9171,0.00882,0.68926,0.375,0.37102,0.2105,1.22799,28.7533,0.00921,0.000418191,0.000418191,0.000418191
505,53250.5,1.5551,31.9171,0.00882,0.68926,0.375,0.37102,0.2105,1.22799,28.7533,0.00921,0.000417366,0.000417366,0.000417366
506,53259.9,1.5551,31.9171,0.00882,0.68926,0.375,0.37102,0.2105,1.22799,28.7533,0.00921,0.000416542,0.000416542,0.000416542
507,53269.3,1.5551,31.9171,0.00882,0.68926,0.375,0.37102,0.2105,1.22799,28.7533,0.00921,0.000415717,0.000415717,0.000415717
508,53278.5,1.5551,31.9171,0.00882,0.70117,0.36463,0.37312,0.24181,1.62375,24.7773,0.00985,0.000414892,0.000414892,0.000414892
509,53288.8,1.30555,29.4058,0.00845,0.70117,0.36463,0.37312,0.24181,1.62375,24.7773,0.00985,0.000414068,0.000414068,0.000414068
510,53298.8,1.30555,29.4058,0.00845,0.70117,0.36463,0.37312,0.24181,1.62375,24.7773,0.00985,0.000413243,0.000413243,0.000413243
511,53308.5,1.30555,29.4058,0.00845,0.70117,0.36463,0.37312,0.24181,1.62375,24.7773,0.00985,0.000412418,0.000412418,0.000412418
512,53318,1.30555,29.4058,0.00845,0.70117,0.36463,0.37312,0.24181,1.62375,24.7773,0.00985,0.000411594,0.000411594,0.000411594
513,53327.8,1.30555,29.4058,0.00845,0.70117,0.36463,0.37312,0.24181,1.62375,24.7773,0.00985,0.000410769,0.000410769,0.000410769
514,53337,1.30555,29.4058,0.00845,0.70117,0.36463,0.37312,0.24181,1.62375,24.7773,0.00985,0.000409944,0.000409944,0.000409944
515,53346.2,1.30555,29.4058,0.00845,0.70117,0.36463,0.37312,0.24181,1.62375,24.7773,0.00985,0.00040912,0.00040912,0.00040912
516,53355.7,1.30555,29.4058,0.00845,0.70117,0.36463,0.37312,0.24181,1.62375,24.7773,0.00985,0.000408295,0.000408295,0.000408295
517,53365,1.30555,29.4058,0.00845,0.70117,0.36463,0.37312,0.24181,1.62375,24.7773,0.00985,0.00040747,0.00040747,0.00040747
518,53374.2,1.30555,29.4058,0.00845,0.70117,0.36463,0.37312,0.24181,1.62375,24.7773,0.00985,0.000406646,0.000406646,0.000406646
519,53384.3,1.30555,29.4058,0.00845,0.70117,0.36463,0.37312,0.24181,1.62375,24.7773,0.00985,0.000405821,0.000405821,0.000405821
520,53393.7,1.30555,29.4058,0.00845,0.70117,0.36463,0.37312,0.24181,1.62375,24.7773,0.00985,0.000404996,0.000404996,0.000404996
521,53403.2,1.30555,29.4058,0.00845,0.70117,0.36463,0.37312,0.24181,1.62375,24.7773,0.00985,0.000404172,0.000404172,0.000404172
522,53413.6,1.30555,29.4058,0.00845,0.70117,0.36463,0.37312,0.24181,1.62375,24.7773,0.00985,0.000403347,0.000403347,0.000403347
523,53423.1,1.30555,29.4058,0.00845,0.70117,0.36463,0.37312,0.24181,1.62375,24.7773,0.00985,0.000402522,0.000402522,0.000402522
524,53432.7,1.30555,29.4058,0.00845,0.70117,0.36463,0.37312,0.24181,1.62375,24.7773,0.00985,0.000401698,0.000401698,0.000401698
525,53442.7,1.30555,29.4058,0.00845,0.70117,0.36463,0.37312,0.24181,1.62375,24.7773,0.00985,0.000400873,0.000400873,0.000400873
526,53452.6,1.30555,29.4058,0.00845,0.70117,0.36463,0.37312,0.24181,1.62375,24.7773,0.00985,0.000400048,0.000400048,0.000400048
527,53462,1.30555,29.4058,0.00845,0.70117,0.36463,0.37312,0.24181,1.62375,24.7773,0.00985,0.000399224,0.000399224,0.000399224
528,53472,1.30555,29.4058,0.00845,0.70117,0.36463,0.37312,0.24181,1.62375,24.7773,0.00985,0.000398399,0.000398399,0.000398399
529,53481.4,1.30555,29.4058,0.00845,0.70117,0.36463,0.37312,0.24181,1.62375,24.7773,0.00985,0.000397574,0.000397574,0.000397574
530,53490.5,1.30555,29.4058,0.00845,0.70117,0.36463,0.37312,0.24181,1.62375,24.7773,0.00985,0.00039675,0.00039675,0.00039675
531,53499.8,1.30555,29.4058,0.00845,0.70117,0.36463,0.37312,0.24181,1.62375,24.7773,0.00985,0.000395925,0.000395925,0.000395925
532,53510,1.30555,29.4058,0.00845,0.70117,0.36463,0.37312,0.24181,1.62375,24.7773,0.00985,0.0003951,0.0003951,0.0003951
533,53519.7,1.30555,29.4058,0.00845,0.70117,0.36463,0.37312,0.24181,1.62375,24.7773,0.00985,0.000394276,0.000394276,0.000394276
534,53530.3,1.30555,29.4058,0.00845,0.70117,0.36463,0.37312,0.24181,1.62375,24.7773,0.00985,0.000393451,0.000393451,0.000393451
535,53539.7,1.30555,29.4058,0.00845,0.70117,0.36463,0.37312,0.24181,1.62375,24.7773,0.00985,0.000392626,0.000392626,0.000392626
536,53549.5,1.30555,29.4058,0.00845,0.70117,0.36463,0.37312,0.24181,1.62375,24.7773,0.00985,0.000391802,0.000391802,0.000391802
537,53558.9,1.30555,29.4058,0.00845,0.70117,0.36463,0.37312,0.24181,1.62375,24.7773,0.00985,0.000390977,0.000390977,0.000390977
538,53568.2,1.30555,29.4058,0.00845,0.70117,0.36463,0.37312,0.24181,1.62375,24.7773,0.00985,0.000390152,0.000390152,0.000390152
539,53578.2,1.30555,29.4058,0.00845,0.70117,0.36463,0.37312,0.24181,1.62375,24.7773,0.00985,0.000389328,0.000389328,0.000389328
540,53588.8,1.30555,29.4058,0.00845,0.70117,0.36463,0.37312,0.24181,1.62375,24.7773,0.00985,0.000388503,0.000388503,0.000388503
541,53598.5,1.30555,29.4058,0.00845,0.70117,0.36463,0.37312,0.24181,1.62375,24.7773,0.00985,0.000387678,0.000387678,0.000387678
542,53608.3,1.30555,29.4058,0.00845,0.70117,0.36463,0.37312,0.24181,1.62375,24.7773,0.00985,0.000386854,0.000386854,0.000386854
543,53617.8,1.30555,29.4058,0.00845,0.70117,0.36463,0.37312,0.24181,1.62375,24.7773,0.00985,0.000386029,0.000386029,0.000386029
544,53627.3,1.30555,29.4058,0.00845,0.70117,0.36463,0.37312,0.24181,1.62375,24.7773,0.00985,0.000385204,0.000385204,0.000385204
545,53636.4,1.30555,29.4058,0.00845,0.70117,0.36463,0.37312,0.24181,1.62375,24.7773,0.00985,0.00038438,0.00038438,0.00038438
546,53646.9,1.30555,29.4058,0.00845,0.70117,0.36463,0.37312,0.24181,1.62375,24.7773,0.00985,0.000383555,0.000383555,0.000383555
547,53656.5,1.30555,29.4058,0.00845,0.70117,0.36463,0.37312,0.24181,1.62375,24.7773,0.00985,0.00038273,0.00038273,0.00038273
548,53666,1.30555,29.4058,0.00845,0.70117,0.36463,0.37312,0.24181,1.62375,24.7773,0.00985,0.000381906,0.000381906,0.000381906
549,53676.4,1.30555,29.4058,0.00845,0.70117,0.36463,0.37312,0.24181,1.62375,24.7773,0.00985,0.000381081,0.000381081,0.000381081
550,53685.5,1.30555,29.4058,0.00845,0.70117,0.36463,0.37312,0.24181,1.62375,24.7773,0.00985,0.000380256,0.000380256,0.000380256
551,53695,1.30555,29.4058,0.00845,0.70117,0.36463,0.37312,0.24181,1.62375,24.7773,0.00985,0.000379431,0.000379431,0.000379431
552,53704.8,1.30555,29.4058,0.00845,0.70117,0.36463,0.37312,0.24181,1.62375,24.7773,0.00985,0.000378607,0.000378607,0.000378607
553,53715.1,1.30555,29.4058,0.00845,0.70117,0.36463,0.37312,0.24181,1.62375,24.7773,0.00985,0.000377782,0.000377782,0.000377782
554,53724.7,1.30555,29.4058,0.00845,0.70117,0.36463,0.37312,0.24181,1.62375,24.7773,0.00985,0.000376957,0.000376957,0.000376957
555,53734.5,1.30555,29.4058,0.00845,0.70117,0.36463,0.37312,0.24181,1.62375,24.7773,0.00985,0.000376133,0.000376133,0.000376133
556,53744,1.30555,29.4058,0.00845,0.70117,0.36463,0.37312,0.24181,1.62375,24.7773,0.00985,0.000375308,0.000375308,0.000375308
557,53753.7,1.30555,29.4058,0.00845,0.70117,0.36463,0.37312,0.24181,1.62375,24.7773,0.00985,0.000374483,0.000374483,0.000374483
558,53763.1,1.30555,29.4058,0.00845,0.70117,0.36463,0.37312,0.24181,1.62375,24.7773,0.00985,0.000373659,0.000373659,0.000373659
559,53773.3,1.30555,29.4058,0.00845,0.70117,0.36463,0.37312,0.24181,1.62375,24.7773,0.00985,0.000372834,0.000372834,0.000372834
560,53782.9,1.30555,29.4058,0.00845,0.70117,0.36463,0.37312,0.24181,1.62375,24.7773,0.00985,0.000372009,0.000372009,0.000372009
561,53792.5,1.30555,29.4058,0.00845,0.70117,0.36463,0.37312,0.24181,1.62375,24.7773,0.00985,0.000371185,0.000371185,0.000371185
562,53801.8,1.30555,29.4058,0.00845,0.70117,0.36463,0.37312,0.24181,1.62375,24.7773,0.00985,0.00037036,0.00037036,0.00037036
563,53811.3,1.30555,29.4058,0.00845,0.70117,0.36463,0.37312,0.24181,1.62375,24.7773,0.00985,0.000369535,0.000369535,0.000369535
564,53820.6,1.30555,29.4058,0.00845,0.70117,0.36463,0.37312,0.24181,1.62375,24.7773,0.00985,0.000368711,0.000368711,0.000368711
565,53830.8,1.30555,29.4058,0.00845,0.70117,0.36463,0.37312,0.24181,1.62375,24.7773,0.00985,0.000367886,0.000367886,0.000367886
566,53840,1.30555,29.4058,0.00845,0.70117,0.36463,0.37312,0.24181,1.62375,24.7773,0.00985,0.000367061,0.000367061,0.000367061
567,53849.4,1.30555,29.4058,0.00845,0.70117,0.36463,0.37312,0.24181,1.62375,24.7773,0.00985,0.000366237,0.000366237,0.000366237
568,53861,1.30555,29.4058,0.00845,0.70117,0.36463,0.37312,0.24181,1.62375,24.7773,0.00985,0.000365412,0.000365412,0.000365412
569,53872.7,1.30555,29.4058,0.00845,0.70117,0.36463,0.37312,0.24181,1.62375,24.7773,0.00985,0.000364587,0.000364587,0.000364587
570,53882.3,1.30555,29.4058,0.00845,0.70117,0.36463,0.37312,0.24181,1.62375,24.7773,0.00985,0.000363763,0.000363763,0.000363763
571,53893.9,1.30555,29.4058,0.00845,0.70117,0.36463,0.37312,0.24181,1.62375,24.7773,0.00985,0.000362938,0.000362938,0.000362938
572,53903.8,1.30555,29.4058,0.00845,0.63351,0.25,0.44913,0.28067,1.64492,23.7705,0.0104,0.000362113,0.000362113,0.000362113
573,53913.3,1.4082,25.618,0.00995,0.63351,0.25,0.44913,0.28067,1.64492,23.7705,0.0104,0.000361289,0.000361289,0.000361289
574,53924,1.4082,25.618,0.00995,0.63351,0.25,0.44913,0.28067,1.64492,23.7705,0.0104,0.000360464,0.000360464,0.000360464
575,53934.9,1.4082,25.618,0.00995,0.63351,0.25,0.44913,0.28067,1.64492,23.7705,0.0104,0.000359639,0.000359639,0.000359639
576,53943.9,1.4082,25.618,0.00995,0.63351,0.25,0.44913,0.28067,1.64492,23.7705,0.0104,0.000358815,0.000358815,0.000358815
577,53954.8,1.4082,25.618,0.00995,0.63351,0.25,0.44913,0.28067,1.64492,23.7705,0.0104,0.00035799,0.00035799,0.00035799
578,53964,1.4082,25.618,0.00995,0.63351,0.25,0.44913,0.28067,1.64492,23.7705,0.0104,0.000357165,0.000357165,0.000357165
579,53973.4,1.4082,25.618,0.00995,0.63351,0.25,0.44913,0.28067,1.64492,23.7705,0.0104,0.000356341,0.000356341,0.000356341
580,53982.7,1.4082,25.618,0.00995,0.63351,0.25,0.44913,0.28067,1.64492,23.7705,0.0104,0.000355516,0.000355516,0.000355516
581,53993,1.4082,25.618,0.00995,0.63351,0.25,0.44913,0.28067,1.64492,23.7705,0.0104,0.000354691,0.000354691,0.000354691
582,54002.4,1.4082,25.618,0.00995,0.63351,0.25,0.44913,0.28067,1.64492,23.7705,0.0104,0.000353867,0.000353867,0.000353867
583,54012.4,1.4082,25.618,0.00995,0.63351,0.25,0.44913,0.28067,1.64492,23.7705,0.0104,0.000353042,0.000353042,0.000353042
584,54022.5,1.4082,25.618,0.00995,0.63351,0.25,0.44913,0.28067,1.64492,23.7705,0.0104,0.000352217,0.000352217,0.000352217
585,54032,1.4082,25.618,0.00995,0.63351,0.25,0.44913,0.28067,1.64492,23.7705,0.0104,0.000351393,0.000351393,0.000351393
586,54041.5,1.4082,25.618,0.00995,0.63351,0.25,0.44913,0.28067,1.64492,23.7705,0.0104,0.000350568,0.000350568,0.000350568
587,54051.1,1.4082,25.618,0.00995,0.63351,0.25,0.44913,0.28067,1.64492,23.7705,0.0104,0.000349743,0.000349743,0.000349743
588,54060.9,1.4082,25.618,0.00995,0.63351,0.25,0.44913,0.28067,1.64492,23.7705,0.0104,0.000348919,0.000348919,0.000348919
589,54071.2,1.4082,25.618,0.00995,0.63351,0.25,0.44913,0.28067,1.64492,23.7705,0.0104,0.000348094,0.000348094,0.000348094
590,54080.7,1.4082,25.618,0.00995,0.63351,0.25,0.44913,0.28067,1.64492,23.7705,0.0104,0.000347269,0.000347269,0.000347269
591,54090.4,1.4082,25.618,0.00995,0.63351,0.25,0.44913,0.28067,1.64492,23.7705,0.0104,0.000346445,0.000346445,0.000346445
592,54100,1.4082,25.618,0.00995,0.63351,0.25,0.44913,0.28067,1.64492,23.7705,0.0104,0.00034562,0.00034562,0.00034562
593,54110.3,1.4082,25.618,0.00995,0.63351,0.25,0.44913,0.28067,1.64492,23.7705,0.0104,0.000344795,0.000344795,0.000344795
594,54120,1.4082,25.618,0.00995,0.63351,0.25,0.44913,0.28067,1.64492,23.7705,0.0104,0.000343971,0.000343971,0.000343971
595,54130.3,1.4082,25.618,0.00995,0.63351,0.25,0.44913,0.28067,1.64492,23.7705,0.0104,0.000343146,0.000343146,0.000343146
596,54139.8,1.4082,25.618,0.00995,0.63351,0.25,0.44913,0.28067,1.64492,23.7705,0.0104,0.000342321,0.000342321,0.000342321
597,54149.1,1.4082,25.618,0.00995,0.63351,0.25,0.44913,0.28067,1.64492,23.7705,0.0104,0.000341497,0.000341497,0.000341497
598,54158.7,1.4082,25.618,0.00995,0.63351,0.25,0.44913,0.28067,1.64492,23.7705,0.0104,0.000340672,0.000340672,0.000340672
599,54168.9,1.4082,25.618,0.00995,0.63351,0.25,0.44913,0.28067,1.64492,23.7705,0.0104,0.000339847,0.000339847,0.000339847
600,54178.8,1.4082,25.618,0.00995,0.63351,0.25,0.44913,0.28067,1.64492,23.7705,0.0104,0.000339023,0.000339023,0.000339023
601,54188.7,1.4082,25.618,0.00995,0.63351,0.25,0.44913,0.28067,1.64492,23.7705,0.0104,0.000338198,0.000338198,0.000338198
602,54199.4,1.4082,25.618,0.00995,0.63351,0.25,0.44913,0.28067,1.64492,23.7705,0.0104,0.000337373,0.000337373,0.000337373
603,54208.6,1.4082,25.618,0.00995,0.63351,0.25,0.44913,0.28067,1.64492,23.7705,0.0104,0.000336549,0.000336549,0.000336549
604,54218.4,1.4082,25.618,0.00995,0.63351,0.25,0.44913,0.28067,1.64492,23.7705,0.0104,0.000335724,0.000335724,0.000335724
605,54227.9,1.4082,25.618,0.00995,0.63351,0.25,0.44913,0.28067,1.64492,23.7705,0.0104,0.000334899,0.000334899,0.000334899
606,54237.1,1.4082,25.618,0.00995,0.63351,0.25,0.44913,0.28067,1.64492,23.7705,0.0104,0.000334075,0.000334075,0.000334075
607,54247.1,1.4082,25.618,0.00995,0.63351,0.25,0.44913,0.28067,1.64492,23.7705,0.0104,0.00033325,0.00033325,0.00033325
608,54256.9,1.4082,25.618,0.00995,0.63351,0.25,0.44913,0.28067,1.64492,23.7705,0.0104,0.000332425,0.000332425,0.000332425
609,54266.6,1.4082,25.618,0.00995,0.63351,0.25,0.44913,0.28067,1.64492,23.7705,0.0104,0.000331601,0.000331601,0.000331601
610,54276.3,1.4082,25.618,0.00995,0.63351,0.25,0.44913,0.28067,1.64492,23.7705,0.0104,0.000330776,0.000330776,0.000330776
611,54285.7,1.4082,25.618,0.00995,0.63351,0.25,0.44913,0.28067,1.64492,23.7705,0.0104,0.000329951,0.000329951,0.000329951
612,54295.2,1.4082,25.618,0.00995,0.63351,0.25,0.44913,0.28067,1.64492,23.7705,0.0104,0.000329127,0.000329127,0.000329127
613,54304.5,1.4082,25.618,0.00995,0.63351,0.25,0.44913,0.28067,1.64492,23.7705,0.0104,0.000328302,0.000328302,0.000328302
614,54315.5,1.4082,25.618,0.00995,0.63351,0.25,0.44913,0.28067,1.64492,23.7705,0.0104,0.000327477,0.000327477,0.000327477
615,54324.8,1.4082,25.618,0.00995,0.63351,0.25,0.44913,0.28067,1.64492,23.7705,0.0104,0.000326653,0.000326653,0.000326653
616,54334.4,1.4082,25.618,0.00995,0.63351,0.25,0.44913,0.28067,1.64492,23.7705,0.0104,0.000325828,0.000325828,0.000325828
617,54343.9,1.4082,25.618,0.00995,0.63351,0.25,0.44913,0.28067,1.64492,23.7705,0.0104,0.000325003,0.000325003,0.000325003
618,54353.3,1.4082,25.618,0.00995,0.63351,0.25,0.44913,0.28067,1.64492,23.7705,0.0104,0.000324179,0.000324179,0.000324179
619,54362.6,1.4082,25.618,0.00995,0.63351,0.25,0.44913,0.28067,1.64492,23.7705,0.0104,0.000323354,0.000323354,0.000323354
620,54372.7,1.4082,25.618,0.00995,0.63351,0.25,0.44913,0.28067,1.64492,23.7705,0.0104,0.000322529,0.000322529,0.000322529
621,54382.2,1.4082,25.618,0.00995,0.63351,0.25,0.44913,0.28067,1.64492,23.7705,0.0104,0.000321705,0.000321705,0.000321705
622,54391.5,1.4082,25.618,0.00995,0.63351,0.25,0.44913,0.28067,1.64492,23.7705,0.0104,0.00032088,0.00032088,0.00032088
623,54401.1,1.4082,25.618,0.00995,0.63351,0.25,0.44913,0.28067,1.64492,23.7705,0.0104,0.000320055,0.000320055,0.000320055
624,54410.4,1.4082,25.618,0.00995,0.63351,0.25,0.44913,0.28067,1.64492,23.7705,0.0104,0.000319231,0.000319231,0.000319231
625,54420.1,1.4082,25.618,0.00995,0.63351,0.25,0.44913,0.28067,1.64492,23.7705,0.0104,0.000318406,0.000318406,0.000318406
626,54430.1,1.4082,25.618,0.00995,0.63351,0.25,0.44913,0.28067,1.64492,23.7705,0.0104,0.000317581,0.000317581,0.000317581
627,54439.7,1.4082,25.618,0.00995,0.63351,0.25,0.44913,0.28067,1.64492,23.7705,0.0104,0.000316757,0.000316757,0.000316757
628,54449.2,1.4082,25.618,0.00995,0.63351,0.25,0.44913,0.28067,1.64492,23.7705,0.0104,0.000315932,0.000315932,0.000315932
629,54459.1,1.4082,25.618,0.00995,0.63351,0.25,0.44913,0.28067,1.64492,23.7705,0.0104,0.000315107,0.000315107,0.000315107
630,54469,1.4082,25.618,0.00995,0.63351,0.25,0.44913,0.28067,1.64492,23.7705,0.0104,0.000314283,0.000314283,0.000314283
631,54479.5,1.4082,25.618,0.00995,0.63351,0.25,0.44913,0.28067,1.64492,23.7705,0.0104,0.000313458,0.000313458,0.000313458
632,54489.6,1.4082,25.618,0.00995,0.63351,0.25,0.44913,0.28067,1.64492,23.7705,0.0104,0.000312633,0.000312633,0.000312633
633,54499.3,1.4082,25.618,0.00995,0.63351,0.25,0.44913,0.28067,1.64492,23.7705,0.0104,0.000311809,0.000311809,0.000311809
634,54509.1,1.4082,25.618,0.00995,0.63351,0.25,0.44913,0.28067,1.64492,23.7705,0.0104,0.000310984,0.000310984,0.000310984
635,54518.8,1.4082,25.618,0.00995,0.63351,0.25,0.44913,0.28067,1.64492,23.7705,0.0104,0.000310159,0.000310159,0.000310159
636,54528.5,1.4082,25.618,0.00995,0.41222,0.36086,0.53974,0.37233,1.53796,22.5538,0.01037,0.000309335,0.000309335,0.000309335
637,54538,1.28143,24.4446,0.00764,0.41222,0.36086,0.53974,0.37233,1.53796,22.5538,0.01037,0.00030851,0.00030851,0.00030851
638,54548.6,1.28143,24.4446,0.00764,0.41222,0.36086,0.53974,0.37233,1.53796,22.5538,0.01037,0.000307685,0.000307685,0.000307685
639,54557.9,1.28143,24.4446,0.00764,0.41222,0.36086,0.53974,0.37233,1.53796,22.5538,0.01037,0.000306861,0.000306861,0.000306861
640,54567.4,1.28143,24.4446,0.00764,0.41222,0.36086,0.53974,0.37233,1.53796,22.5538,0.01037,0.000306036,0.000306036,0.000306036
641,54577.1,1.28143,24.4446,0.00764,0.41222,0.36086,0.53974,0.37233,1.53796,22.5538,0.01037,0.000305211,0.000305211,0.000305211
642,54586,1.28143,24.4446,0.00764,0.41222,0.36086,0.53974,0.37233,1.53796,22.5538,0.01037,0.000304387,0.000304387,0.000304387
643,54596,1.28143,24.4446,0.00764,0.41222,0.36086,0.53974,0.37233,1.53796,22.5538,0.01037,0.000303562,0.000303562,0.000303562
644,54605.6,1.28143,24.4446,0.00764,0.41222,0.36086,0.53974,0.37233,1.53796,22.5538,0.01037,0.000302737,0.000302737,0.000302737
645,54615.9,1.28143,24.4446,0.00764,0.41222,0.36086,0.53974,0.37233,1.53796,22.5538,0.01037,0.000301913,0.000301913,0.000301913
646,54625.9,1.28143,24.4446,0.00764,0.41222,0.36086,0.53974,0.37233,1.53796,22.5538,0.01037,0.000301088,0.000301088,0.000301088
647,54636.3,1.28143,24.4446,0.00764,0.41222,0.36086,0.53974,0.37233,1.53796,22.5538,0.01037,0.000300263,0.000300263,0.000300263
648,54646.4,1.28143,24.4446,0.00764,0.41222,0.36086,0.53974,0.37233,1.53796,22.5538,0.01037,0.000299439,0.000299439,0.000299439
649,54656.1,1.28143,24.4446,0.00764,0.41222,0.36086,0.53974,0.37233,1.53796,22.5538,0.01037,0.000298614,0.000298614,0.000298614
650,54665.9,1.28143,24.4446,0.00764,0.41222,0.36086,0.53974,0.37233,1.53796,22.5538,0.01037,0.000297789,0.000297789,0.000297789
651,54676.1,1.28143,24.4446,0.00764,0.41222,0.36086,0.53974,0.37233,1.53796,22.5538,0.01037,0.000296964,0.000296964,0.000296964
652,54685.6,1.28143,24.4446,0.00764,0.41222,0.36086,0.53974,0.37233,1.53796,22.5538,0.01037,0.00029614,0.00029614,0.00029614
653,54695.5,1.28143,24.4446,0.00764,0.41222,0.36086,0.53974,0.37233,1.53796,22.5538,0.01037,0.000295315,0.000295315,0.000295315
654,54705.4,1.28143,24.4446,0.00764,0.41222,0.36086,0.53974,0.37233,1.53796,22.5538,0.01037,0.00029449,0.00029449,0.00029449
655,54715.2,1.28143,24.4446,0.00764,0.41222,0.36086,0.53974,0.37233,1.53796,22.5538,0.01037,0.000293666,0.000293666,0.000293666
656,54725.4,1.28143,24.4446,0.00764,0.41222,0.36086,0.53974,0.37233,1.53796,22.5538,0.01037,0.000292841,0.000292841,0.000292841
657,54735.4,1.28143,24.4446,0.00764,0.41222,0.36086,0.53974,0.37233,1.53796,22.5538,0.01037,0.000292016,0.000292016,0.000292016
658,54745.3,1.28143,24.4446,0.00764,0.41222,0.36086,0.53974,0.37233,1.53796,22.5538,0.01037,0.000291192,0.000291192,0.000291192
659,54754.8,1.28143,24.4446,0.00764,0.41222,0.36086,0.53974,0.37233,1.53796,22.5538,0.01037,0.000290367,0.000290367,0.000290367
660,54765.1,1.28143,24.4446,0.00764,0.41222,0.36086,0.53974,0.37233,1.53796,22.5538,0.01037,0.000289542,0.000289542,0.000289542
661,54774.8,1.28143,24.4446,0.00764,0.41222,0.36086,0.53974,0.37233,1.53796,22.5538,0.01037,0.000288718,0.000288718,0.000288718
662,54784.3,1.28143,24.4446,0.00764,0.41222,0.36086,0.53974,0.37233,1.53796,22.5538,0.01037,0.000287893,0.000287893,0.000287893
663,54794.2,1.28143,24.4446,0.00764,0.41222,0.36086,0.53974,0.37233,1.53796,22.5538,0.01037,0.000287068,0.000287068,0.000287068
664,54804.2,1.28143,24.4446,0.00764,0.41222,0.36086,0.53974,0.37233,1.53796,22.5538,0.01037,0.000286244,0.000286244,0.000286244
665,54814.4,1.28143,24.4446,0.00764,0.41222,0.36086,0.53974,0.37233,1.53796,22.5538,0.01037,0.000285419,0.000285419,0.000285419
666,54824.6,1.28143,24.4446,0.00764,0.41222,0.36086,0.53974,0.37233,1.53796,22.5538,0.01037,0.000284594,0.000284594,0.000284594
667,54834.7,1.28143,24.4446,0.00764,0.41222,0.36086,0.53974,0.37233,1.53796,22.5538,0.01037,0.00028377,0.00028377,0.00028377
668,54845.3,1.28143,24.4446,0.00764,0.41222,0.36086,0.53974,0.37233,1.53796,22.5538,0.01037,0.000282945,0.000282945,0.000282945
669,54856.6,1.28143,24.4446,0.00764,0.41222,0.36086,0.53974,0.37233,1.53796,22.5538,0.01037,0.00028212,0.00028212,0.00028212
670,54867.2,1.28143,24.4446,0.00764,0.41222,0.36086,0.53974,0.37233,1.53796,22.5538,0.01037,0.000281296,0.000281296,0.000281296
671,54878.4,1.28143,24.4446,0.00764,0.41222,0.36086,0.53974,0.37233,1.53796,22.5538,0.01037,0.000280471,0.000280471,0.000280471
672,54888.9,1.28143,24.4446,0.00764,0.41222,0.36086,0.53974,0.37233,1.53796,22.5538,0.01037,0.000279646,0.000279646,0.000279646
673,54898.8,1.28143,24.4446,0.00764,0.41222,0.36086,0.53974,0.37233,1.53796,22.5538,0.01037,0.000278822,0.000278822,0.000278822
674,54909,1.28143,24.4446,0.00764,0.41222,0.36086,0.53974,0.37233,1.53796,22.5538,0.01037,0.000277997,0.000277997,0.000277997
675,54918.5,1.28143,24.4446,0.00764,0.41222,0.36086,0.53974,0.37233,1.53796,22.5538,0.01037,0.000277172,0.000277172,0.000277172
676,54928.3,1.28143,24.4446,0.00764,0.41222,0.36086,0.53974,0.37233,1.53796,22.5538,0.01037,0.000276348,0.000276348,0.000276348
677,54937.9,1.28143,24.4446,0.00764,0.41222,0.36086,0.53974,0.37233,1.53796,22.5538,0.01037,0.000275523,0.000275523,0.000275523
678,54947.5,1.28143,24.4446,0.00764,0.41222,0.36086,0.53974,0.37233,1.53796,22.5538,0.01037,0.000274698,0.000274698,0.000274698
679,54957.5,1.28143,24.4446,0.00764,0.41222,0.36086,0.53974,0.37233,1.53796,22.5538,0.01037,0.000273874,0.000273874,0.000273874
680,54968.1,1.28143,24.4446,0.00764,0.41222,0.36086,0.53974,0.37233,1.53796,22.5538,0.01037,0.000273049,0.000273049,0.000273049
681,54977.4,1.28143,24.4446,0.00764,0.41222,0.36086,0.53974,0.37233,1.53796,22.5538,0.01037,0.000272224,0.000272224,0.000272224
682,54987.4,1.28143,24.4446,0.00764,0.41222,0.36086,0.53974,0.37233,1.53796,22.5538,0.01037,0.0002714,0.0002714,0.0002714
683,54997.5,1.28143,24.4446,0.00764,0.41222,0.36086,0.53974,0.37233,1.53796,22.5538,0.01037,0.000270575,0.000270575,0.000270575
684,55007.7,1.28143,24.4446,0.00764,0.41222,0.36086,0.53974,0.37233,1.53796,22.5538,0.01037,0.00026975,0.00026975,0.00026975
685,55017,1.28143,24.4446,0.00764,0.41222,0.36086,0.53974,0.37233,1.53796,22.5538,0.01037,0.000268926,0.000268926,0.000268926
686,55027,1.28143,24.4446,0.00764,0.41222,0.36086,0.53974,0.37233,1.53796,22.5538,0.01037,0.000268101,0.000268101,0.000268101
687,55037.1,1.28143,24.4446,0.00764,0.41222,0.36086,0.53974,0.37233,1.53796,22.5538,0.01037,0.000267276,0.000267276,0.000267276
688,55047,1.28143,24.4446,0.00764,0.41222,0.36086,0.53974,0.37233,1.53796,22.5538,0.01037,0.000266452,0.000266452,0.000266452
689,55057.3,1.28143,24.4446,0.00764,0.41222,0.36086,0.53974,0.37233,1.53796,22.5538,0.01037,0.000265627,0.000265627,0.000265627
690,55067,1.28143,24.4446,0.00764,0.41222,0.36086,0.53974,0.37233,1.53796,22.5538,0.01037,0.000264802,0.000264802,0.000264802
691,55076.9,1.28143,24.4446,0.00764,0.41222,0.36086,0.53974,0.37233,1.53796,22.5538,0.01037,0.000263978,0.000263978,0.000263978
692,55086.8,1.28143,24.4446,0.00764,0.41222,0.36086,0.53974,0.37233,1.53796,22.5538,0.01037,0.000263153,0.000263153,0.000263153
693,55096.3,1.28143,24.4446,0.00764,0.41222,0.36086,0.53974,0.37233,1.53796,22.5538,0.01037,0.000262328,0.000262328,0.000262328
694,55105.6,1.28143,24.4446,0.00764,0.41222,0.36086,0.53974,0.37233,1.53796,22.5538,0.01037,0.000261504,0.000261504,0.000261504
695,55114.8,1.28143,24.4446,0.00764,0.41222,0.36086,0.53974,0.37233,1.53796,22.5538,0.01037,0.000260679,0.000260679,0.000260679
696,55124.9,1.28143,24.4446,0.00764,0.41222,0.36086,0.53974,0.37233,1.53796,22.5538,0.01037,0.000259854,0.000259854,0.000259854
697,55134.3,1.28143,24.4446,0.00764,0.41222,0.36086,0.53974,0.37233,1.53796,22.5538,0.01037,0.00025903,0.00025903,0.00025903
698,55144.1,1.28143,24.4446,0.00764,0.41222,0.36086,0.53974,0.37233,1.53796,22.5538,0.01037,0.000258205,0.000258205,0.000258205
699,55154.1,1.28143,24.4446,0.00764,0.41222,0.36086,0.53974,0.37233,1.53796,22.5538,0.01037,0.00025738,0.00025738,0.00025738
700,55164.4,1.28143,24.4446,0.00764,0.33123,0.25,0.53367,0.4018,1.44877,21.1264,0.00932,0.000256556,0.000256556,0.000256556
701,55174.5,1.43194,23.2981,0.00854,0.33123,0.25,0.53367,0.4018,1.44877,21.1264,0.00932,0.000255731,0.000255731,0.000255731
702,55184.5,1.43194,23.2981,0.00854,0.33123,0.25,0.53367,0.4018,1.44877,21.1264,0.00932,0.000254906,0.000254906,0.000254906
703,55194,1.43194,23.2981,0.00854,0.33123,0.25,0.53367,0.4018,1.44877,21.1264,0.00932,0.000254082,0.000254082,0.000254082
704,55203.6,1.43194,23.2981,0.00854,0.33123,0.25,0.53367,0.4018,1.44877,21.1264,0.00932,0.000253257,0.000253257,0.000253257
705,55214.6,1.43194,23.2981,0.00854,0.33123,0.25,0.53367,0.4018,1.44877,21.1264,0.00932,0.000252432,0.000252432,0.000252432
706,55224.4,1.43194,23.2981,0.00854,0.33123,0.25,0.53367,0.4018,1.44877,21.1264,0.00932,0.000251608,0.000251608,0.000251608
707,55234.2,1.43194,23.2981,0.00854,0.33123,0.25,0.53367,0.4018,1.44877,21.1264,0.00932,0.000250783,0.000250783,0.000250783
708,55244.1,1.43194,23.2981,0.00854,0.33123,0.25,0.53367,0.4018,1.44877,21.1264,0.00932,0.000249958,0.000249958,0.000249958
709,55254.1,1.43194,23.2981,0.00854,0.33123,0.25,0.53367,0.4018,1.44877,21.1264,0.00932,0.000249134,0.000249134,0.000249134
710,55263.9,1.43194,23.2981,0.00854,0.33123,0.25,0.53367,0.4018,1.44877,21.1264,0.00932,0.000248309,0.000248309,0.000248309
711,55274.2,1.43194,23.2981,0.00854,0.33123,0.25,0.53367,0.4018,1.44877,21.1264,0.00932,0.000247484,0.000247484,0.000247484
712,55284.1,1.43194,23.2981,0.00854,0.33123,0.25,0.53367,0.4018,1.44877,21.1264,0.00932,0.00024666,0.00024666,0.00024666
713,55294.5,1.43194,23.2981,0.00854,0.33123,0.25,0.53367,0.4018,1.44877,21.1264,0.00932,0.000245835,0.000245835,0.000245835
714,55304.8,1.43194,23.2981,0.00854,0.33123,0.25,0.53367,0.4018,1.44877,21.1264,0.00932,0.00024501,0.00024501,0.00024501
715,55314.3,1.43194,23.2981,0.00854,0.33123,0.25,0.53367,0.4018,1.44877,21.1264,0.00932,0.000244186,0.000244186,0.000244186
716,55323.8,1.43194,23.2981,0.00854,0.33123,0.25,0.53367,0.4018,1.44877,21.1264,0.00932,0.000243361,0.000243361,0.000243361
717,55334,1.43194,23.2981,0.00854,0.33123,0.25,0.53367,0.4018,1.44877,21.1264,0.00932,0.000242536,0.000242536,0.000242536
718,55343.8,1.43194,23.2981,0.00854,0.33123,0.25,0.53367,0.4018,1.44877,21.1264,0.00932,0.000241712,0.000241712,0.000241712
719,55353.9,1.43194,23.2981,0.00854,0.33123,0.25,0.53367,0.4018,1.44877,21.1264,0.00932,0.000240887,0.000240887,0.000240887
720,55363.5,1.43194,23.2981,0.00854,0.33123,0.25,0.53367,0.4018,1.44877,21.1264,0.00932,0.000240062,0.000240062,0.000240062
721,55373.3,1.43194,23.2981,0.00854,0.33123,0.25,0.53367,0.4018,1.44877,21.1264,0.00932,0.000239238,0.000239238,0.000239238
722,55383,1.43194,23.2981,0.00854,0.33123,0.25,0.53367,0.4018,1.44877,21.1264,0.00932,0.000238413,0.000238413,0.000238413
723,55393.4,1.43194,23.2981,0.00854,0.33123,0.25,0.53367,0.4018,1.44877,21.1264,0.00932,0.000237588,0.000237588,0.000237588
724,55403.1,1.43194,23.2981,0.00854,0.33123,0.25,0.53367,0.4018,1.44877,21.1264,0.00932,0.000236764,0.000236764,0.000236764
725,55413.3,1.43194,23.2981,0.00854,0.33123,0.25,0.53367,0.4018,1.44877,21.1264,0.00932,0.000235939,0.000235939,0.000235939
726,55422.8,1.43194,23.2981,0.00854,0.33123,0.25,0.53367,0.4018,1.44877,21.1264,0.00932,0.000235114,0.000235114,0.000235114
727,55432.3,1.43194,23.2981,0.00854,0.33123,0.25,0.53367,0.4018,1.44877,21.1264,0.00932,0.00023429,0.00023429,0.00023429
728,55442.1,1.43194,23.2981,0.00854,0.33123,0.25,0.53367,0.4018,1.44877,21.1264,0.00932,0.000233465,0.000233465,0.000233465
729,55452,1.43194,23.2981,0.00854,0.33123,0.25,0.53367,0.4018,1.44877,21.1264,0.00932,0.00023264,0.00023264,0.00023264
730,55461.9,1.43194,23.2981,0.00854,0.33123,0.25,0.53367,0.4018,1.44877,21.1264,0.00932,0.000231816,0.000231816,0.000231816
731,55471.4,1.43194,23.2981,0.00854,0.33123,0.25,0.53367,0.4018,1.44877,21.1264,0.00932,0.000230991,0.000230991,0.000230991
732,55481.5,1.43194,23.2981,0.00854,0.33123,0.25,0.53367,0.4018,1.44877,21.1264,0.00932,0.000230166,0.000230166,0.000230166
733,55492,1.43194,23.2981,0.00854,0.33123,0.25,0.53367,0.4018,1.44877,21.1264,0.00932,0.000229342,0.000229342,0.000229342
734,55501.7,1.43194,23.2981,0.00854,0.33123,0.25,0.53367,0.4018,1.44877,21.1264,0.00932,0.000228517,0.000228517,0.000228517
735,55512.2,1.43194,23.2981,0.00854,0.33123,0.25,0.53367,0.4018,1.44877,21.1264,0.00932,0.000227692,0.000227692,0.000227692
736,55521.6,1.43194,23.2981,0.00854,0.33123,0.25,0.53367,0.4018,1.44877,21.1264,0.00932,0.000226868,0.000226868,0.000226868
737,55532,1.43194,23.2981,0.00854,0.33123,0.25,0.53367,0.4018,1.44877,21.1264,0.00932,0.000226043,0.000226043,0.000226043
738,55541.7,1.43194,23.2981,0.00854,0.33123,0.25,0.53367,0.4018,1.44877,21.1264,0.00932,0.000225218,0.000225218,0.000225218
739,55551.7,1.43194,23.2981,0.00854,0.33123,0.25,0.53367,0.4018,1.44877,21.1264,0.00932,0.000224394,0.000224394,0.000224394
740,55561.6,1.43194,23.2981,0.00854,0.33123,0.25,0.53367,0.4018,1.44877,21.1264,0.00932,0.000223569,0.000223569,0.000223569
741,55572.2,1.43194,23.2981,0.00854,0.33123,0.25,0.53367,0.4018,1.44877,21.1264,0.00932,0.000222744,0.000222744,0.000222744
742,55581.9,1.43194,23.2981,0.00854,0.33123,0.25,0.53367,0.4018,1.44877,21.1264,0.00932,0.00022192,0.00022192,0.00022192
743,55591.3,1.43194,23.2981,0.00854,0.33123,0.25,0.53367,0.4018,1.44877,21.1264,0.00932,0.000221095,0.000221095,0.000221095
744,55601.3,1.43194,23.2981,0.00854,0.33123,0.25,0.53367,0.4018,1.44877,21.1264,0.00932,0.00022027,0.00022027,0.00022027
745,55611.2,1.43194,23.2981,0.00854,0.33123,0.25,0.53367,0.4018,1.44877,21.1264,0.00932,0.000219446,0.000219446,0.000219446
746,55621,1.43194,23.2981,0.00854,0.33123,0.25,0.53367,0.4018,1.44877,21.1264,0.00932,0.000218621,0.000218621,0.000218621
747,55630.8,1.43194,23.2981,0.00854,0.33123,0.25,0.53367,0.4018,1.44877,21.1264,0.00932,0.000217796,0.000217796,0.000217796
748,55640.4,1.43194,23.2981,0.00854,0.33123,0.25,0.53367,0.4018,1.44877,21.1264,0.00932,0.000216972,0.000216972,0.000216972
749,55650,1.43194,23.2981,0.00854,0.33123,0.25,0.53367,0.4018,1.44877,21.1264,0.00932,0.000216147,0.000216147,0.000216147
750,55660.1,1.43194,23.2981,0.00854,0.33123,0.25,0.53367,0.4018,1.44877,21.1264,0.00932,0.000215322,0.000215322,0.000215322
751,55669.9,1.43194,23.2981,0.00854,0.33123,0.25,0.53367,0.4018,1.44877,21.1264,0.00932,0.000214497,0.000214497,0.000214497
752,55679.2,1.43194,23.2981,0.00854,0.33123,0.25,0.53367,0.4018,1.44877,21.1264,0.00932,0.000213673,0.000213673,0.000213673
753,55689.1,1.43194,23.2981,0.00854,0.33123,0.25,0.53367,0.4018,1.44877,21.1264,0.00932,0.000212848,0.000212848,0.000212848
754,55699,1.43194,23.2981,0.00854,0.33123,0.25,0.53367,0.4018,1.44877,21.1264,0.00932,0.000212023,0.000212023,0.000212023
755,55709,1.43194,23.2981,0.00854,0.33123,0.25,0.53367,0.4018,1.44877,21.1264,0.00932,0.000211199,0.000211199,0.000211199
756,55719,1.43194,23.2981,0.00854,0.33123,0.25,0.53367,0.4018,1.44877,21.1264,0.00932,0.000210374,0.000210374,0.000210374
757,55728.5,1.43194,23.2981,0.00854,0.33123,0.25,0.53367,0.4018,1.44877,21.1264,0.00932,0.000209549,0.000209549,0.000209549
758,55737.9,1.43194,23.2981,0.00854,0.33123,0.25,0.53367,0.4018,1.44877,21.1264,0.00932,0.000208725,0.000208725,0.000208725
759,55748,1.43194,23.2981,0.00854,0.33123,0.25,0.53367,0.4018,1.44877,21.1264,0.00932,0.0002079,0.0002079,0.0002079
760,55757.5,1.43194,23.2981,0.00854,0.33123,0.25,0.53367,0.4018,1.44877,21.1264,0.00932,0.000207075,0.000207075,0.000207075
761,55767.2,1.43194,23.2981,0.00854,0.33123,0.25,0.53367,0.4018,1.44877,21.1264,0.00932,0.000206251,0.000206251,0.000206251
762,55777.4,1.43194,23.2981,0.00854,0.33123,0.25,0.53367,0.4018,1.44877,21.1264,0.00932,0.000205426,0.000205426,0.000205426
763,55787.5,1.43194,23.2981,0.00854,0.33123,0.25,0.53367,0.4018,1.44877,21.1264,0.00932,0.000204601,0.000204601,0.000204601
764,55797.1,1.43194,23.2981,0.00854,0.71104,0.24708,0.58042,0.42095,1.46153,19.7477,0.00849,0.000203777,0.000203777,0.000203777
765,55807.4,1.28768,21.144,0.00495,0.71104,0.24708,0.58042,0.42095,1.46153,19.7477,0.00849,0.000202952,0.000202952,0.000202952
766,55817.3,1.28768,21.144,0.00495,0.71104,0.24708,0.58042,0.42095,1.46153,19.7477,0.00849,0.000202127,0.000202127,0.000202127
767,55827.1,1.28768,21.144,0.00495,0.71104,0.24708,0.58042,0.42095,1.46153,19.7477,0.00849,0.000201303,0.000201303,0.000201303
768,55836.8,1.28768,21.144,0.00495,0.71104,0.24708,0.58042,0.42095,1.46153,19.7477,0.00849,0.000200478,0.000200478,0.000200478
769,55846.7,1.28768,21.144,0.00495,0.71104,0.24708,0.58042,0.42095,1.46153,19.7477,0.00849,0.000199653,0.000199653,0.000199653
770,55857,1.28768,21.144,0.00495,0.71104,0.24708,0.58042,0.42095,1.46153,19.7477,0.00849,0.000198829,0.000198829,0.000198829
771,55866.9,1.28768,21.144,0.00495,0.71104,0.24708,0.58042,0.42095,1.46153,19.7477,0.00849,0.000198004,0.000198004,0.000198004
772,55877,1.28768,21.144,0.00495,0.71104,0.24708,0.58042,0.42095,1.46153,19.7477,0.00849,0.000197179,0.000197179,0.000197179
773,55886.9,1.28768,21.144,0.00495,0.71104,0.24708,0.58042,0.42095,1.46153,19.7477,0.00849,0.000196355,0.000196355,0.000196355
774,55896.5,1.28768,21.144,0.00495,0.71104,0.24708,0.58042,0.42095,1.46153,19.7477,0.00849,0.00019553,0.00019553,0.00019553
775,55906.2,1.28768,21.144,0.00495,0.71104,0.24708,0.58042,0.42095,1.46153,19.7477,0.00849,0.000194705,0.000194705,0.000194705
776,55915.8,1.28768,21.144,0.00495,0.71104,0.24708,0.58042,0.42095,1.46153,19.7477,0.00849,0.000193881,0.000193881,0.000193881
777,55925.7,1.28768,21.144,0.00495,0.71104,0.24708,0.58042,0.42095,1.46153,19.7477,0.00849,0.000193056,0.000193056,0.000193056
778,55935.9,1.28768,21.144,0.00495,0.71104,0.24708,0.58042,0.42095,1.46153,19.7477,0.00849,0.000192231,0.000192231,0.000192231
779,55945.5,1.28768,21.144,0.00495,0.71104,0.24708,0.58042,0.42095,1.46153,19.7477,0.00849,0.000191407,0.000191407,0.000191407
780,55955.4,1.28768,21.144,0.00495,0.71104,0.24708,0.58042,0.42095,1.46153,19.7477,0.00849,0.000190582,0.000190582,0.000190582
781,55965.2,1.28768,21.144,0.00495,0.71104,0.24708,0.58042,0.42095,1.46153,19.7477,0.00849,0.000189757,0.000189757,0.000189757
782,55975.1,1.28768,21.144,0.00495,0.71104,0.24708,0.58042,0.42095,1.46153,19.7477,0.00849,0.000188933,0.000188933,0.000188933
783,55984.8,1.28768,21.144,0.00495,0.71104,0.24708,0.58042,0.42095,1.46153,19.7477,0.00849,0.000188108,0.000188108,0.000188108
784,55994.9,1.28768,21.144,0.00495,0.71104,0.24708,0.58042,0.42095,1.46153,19.7477,0.00849,0.000187283,0.000187283,0.000187283
785,56004.1,1.28768,21.144,0.00495,0.71104,0.24708,0.58042,0.42095,1.46153,19.7477,0.00849,0.000186459,0.000186459,0.000186459
786,56015.3,1.28768,21.144,0.00495,0.71104,0.24708,0.58042,0.42095,1.46153,19.7477,0.00849,0.000185634,0.000185634,0.000185634
787,56025.2,1.28768,21.144,0.00495,0.71104,0.24708,0.58042,0.42095,1.46153,19.7477,0.00849,0.000184809,0.000184809,0.000184809
788,56034.4,1.28768,21.144,0.00495,0.71104,0.24708,0.58042,0.42095,1.46153,19.7477,0.00849,0.000183985,0.000183985,0.000183985
789,56044.3,1.28768,21.144,0.00495,0.71104,0.24708,0.58042,0.42095,1.46153,19.7477,0.00849,0.00018316,0.00018316,0.00018316
790,56054.5,1.28768,21.144,0.00495,0.71104,0.24708,0.58042,0.42095,1.46153,19.7477,0.00849,0.000182335,0.000182335,0.000182335
791,56064.1,1.28768,21.144,0.00495,0.71104,0.24708,0.58042,0.42095,1.46153,19.7477,0.00849,0.000181511,0.000181511,0.000181511
792,56073.8,1.28768,21.144,0.00495,0.71104,0.24708,0.58042,0.42095,1.46153,19.7477,0.00849,0.000180686,0.000180686,0.000180686
793,56083.6,1.28768,21.144,0.00495,0.71104,0.24708,0.58042,0.42095,1.46153,19.7477,0.00849,0.000179861,0.000179861,0.000179861
794,56093.8,1.28768,21.144,0.00495,0.71104,0.24708,0.58042,0.42095,1.46153,19.7477,0.00849,0.000179037,0.000179037,0.000179037
795,56103.3,1.28768,21.144,0.00495,0.71104,0.24708,0.58042,0.42095,1.46153,19.7477,0.00849,0.000178212,0.000178212,0.000178212
796,56113.5,1.28768,21.144,0.00495,0.71104,0.24708,0.58042,0.42095,1.46153,19.7477,0.00849,0.000177387,0.000177387,0.000177387
797,56123.4,1.28768,21.144,0.00495,0.71104,0.24708,0.58042,0.42095,1.46153,19.7477,0.00849,0.000176563,0.000176563,0.000176563
798,56133.1,1.28768,21.144,0.00495,0.71104,0.24708,0.58042,0.42095,1.46153,19.7477,0.00849,0.000175738,0.000175738,0.000175738
799,56142.8,1.28768,21.144,0.00495,0.71104,0.24708,0.58042,0.42095,1.46153,19.7477,0.00849,0.000174913,0.000174913,0.000174913
800,56152.7,1.28768,21.144,0.00495,0.71104,0.24708,0.58042,0.42095,1.46153,19.7477,0.00849,0.000174089,0.000174089,0.000174089
801,56163,1.28768,21.144,0.00495,0.71104,0.24708,0.58042,0.42095,1.46153,19.7477,0.00849,0.000173264,0.000173264,0.000173264
802,56173.7,1.28768,21.144,0.00495,0.71104,0.24708,0.58042,0.42095,1.46153,19.7477,0.00849,0.000172439,0.000172439,0.000172439
803,56183.3,1.28768,21.144,0.00495,0.71104,0.24708,0.58042,0.42095,1.46153,19.7477,0.00849,0.000171615,0.000171615,0.000171615
804,56193.2,1.28768,21.144,0.00495,0.71104,0.24708,0.58042,0.42095,1.46153,19.7477,0.00849,0.00017079,0.00017079,0.00017079
805,56203.3,1.28768,21.144,0.00495,0.71104,0.24708,0.58042,0.42095,1.46153,19.7477,0.00849,0.000169965,0.000169965,0.000169965
806,56212.8,1.28768,21.144,0.00495,0.71104,0.24708,0.58042,0.42095,1.46153,19.7477,0.00849,0.000169141,0.000169141,0.000169141
807,56222.3,1.28768,21.144,0.00495,0.71104,0.24708,0.58042,0.42095,1.46153,19.7477,0.00849,0.000168316,0.000168316,0.000168316
808,56232.3,1.28768,21.144,0.00495,0.71104,0.24708,0.58042,0.42095,1.46153,19.7477,0.00849,0.000167491,0.000167491,0.000167491
809,56242.3,1.28768,21.144,0.00495,0.71104,0.24708,0.58042,0.42095,1.46153,19.7477,0.00849,0.000166667,0.000166667,0.000166667
810,56252,1.28768,21.144,0.00495,0.71104,0.24708,0.58042,0.42095,1.46153,19.7477,0.00849,0.000165842,0.000165842,0.000165842
811,56261.9,1.28768,21.144,0.00495,0.71104,0.24708,0.58042,0.42095,1.46153,19.7477,0.00849,0.000165017,0.000165017,0.000165017
812,56271.2,1.28768,21.144,0.00495,0.71104,0.24708,0.58042,0.42095,1.46153,19.7477,0.00849,0.000164193,0.000164193,0.000164193
813,56280.8,1.28768,21.144,0.00495,0.71104,0.24708,0.58042,0.42095,1.46153,19.7477,0.00849,0.000163368,0.000163368,0.000163368
814,56291.7,1.28768,21.144,0.00495,0.71104,0.24708,0.58042,0.42095,1.46153,19.7477,0.00849,0.000162543,0.000162543,0.000162543
815,56301.1,1.28768,21.144,0.00495,0.71104,0.24708,0.58042,0.42095,1.46153,19.7477,0.00849,0.000161719,0.000161719,0.000161719
816,56310.7,1.28768,21.144,0.00495,0.71104,0.24708,0.58042,0.42095,1.46153,19.7477,0.00849,0.000160894,0.000160894,0.000160894
817,56320.9,1.28768,21.144,0.00495,0.71104,0.24708,0.58042,0.42095,1.46153,19.7477,0.00849,0.000160069,0.000160069,0.000160069
818,56330.9,1.28768,21.144,0.00495,0.71104,0.24708,0.58042,0.42095,1.46153,19.7477,0.00849,0.000159245,0.000159245,0.000159245
819,56340.9,1.28768,21.144,0.00495,0.71104,0.24708,0.58042,0.42095,1.46153,19.7477,0.00849,0.00015842,0.00015842,0.00015842
820,56351,1.28768,21.144,0.00495,0.71104,0.24708,0.58042,0.42095,1.46153,19.7477,0.00849,0.000157595,0.000157595,0.000157595
821,56361.1,1.28768,21.144,0.00495,0.71104,0.24708,0.58042,0.42095,1.46153,19.7477,0.00849,0.000156771,0.000156771,0.000156771
822,56370.5,1.28768,21.144,0.00495,0.71104,0.24708,0.58042,0.42095,1.46153,19.7477,0.00849,0.000155946,0.000155946,0.000155946
823,56380.8,1.28768,21.144,0.00495,0.71104,0.24708,0.58042,0.42095,1.46153,19.7477,0.00849,0.000155121,0.000155121,0.000155121
824,56390.3,1.28768,21.144,0.00495,0.71104,0.24708,0.58042,0.42095,1.46153,19.7477,0.00849,0.000154297,0.000154297,0.000154297
825,56400.1,1.28768,21.144,0.00495,0.71104,0.24708,0.58042,0.42095,1.46153,19.7477,0.00849,0.000153472,0.000153472,0.000153472
826,56411.1,1.28768,21.144,0.00495,0.71104,0.24708,0.58042,0.42095,1.46153,19.7477,0.00849,0.000152647,0.000152647,0.000152647
827,56422.2,1.28768,21.144,0.00495,0.71104,0.24708,0.58042,0.42095,1.46153,19.7477,0.00849,0.000151823,0.000151823,0.000151823
828,56433.9,1.28768,21.144,0.00495,0.80792,0.25,0.68406,0.45694,1.51462,19.445,0.00952,0.000150998,0.000150998,0.000150998
829,56445,1.23963,20.0189,0.00486,0.80792,0.25,0.68406,0.45694,1.51462,19.445,0.00952,0.000150173,0.000150173,0.000150173
830,56454.7,1.23963,20.0189,0.00486,0.80792,0.25,0.68406,0.45694,1.51462,19.445,0.00952,0.000149349,0.000149349,0.000149349
831,56464.2,1.23963,20.0189,0.00486,0.80792,0.25,0.68406,0.45694,1.51462,19.445,0.00952,0.000148524,0.000148524,0.000148524
832,56474.4,1.23963,20.0189,0.00486,0.80792,0.25,0.68406,0.45694,1.51462,19.445,0.00952,0.000147699,0.000147699,0.000147699
833,56483.8,1.23963,20.0189,0.00486,0.80792,0.25,0.68406,0.45694,1.51462,19.445,0.00952,0.000146875,0.000146875,0.000146875
834,56493.6,1.23963,20.0189,0.00486,0.80792,0.25,0.68406,0.45694,1.51462,19.445,0.00952,0.00014605,0.00014605,0.00014605
835,56503.5,1.23963,20.0189,0.00486,0.80792,0.25,0.68406,0.45694,1.51462,19.445,0.00952,0.000145225,0.000145225,0.000145225
836,56513.1,1.23963,20.0189,0.00486,0.80792,0.25,0.68406,0.45694,1.51462,19.445,0.00952,0.000144401,0.000144401,0.000144401
837,56522.6,1.23963,20.0189,0.00486,0.80792,0.25,0.68406,0.45694,1.51462,19.445,0.00952,0.000143576,0.000143576,0.000143576
838,56532.5,1.23963,20.0189,0.00486,0.80792,0.25,0.68406,0.45694,1.51462,19.445,0.00952,0.000142751,0.000142751,0.000142751
839,56542.4,1.23963,20.0189,0.00486,0.80792,0.25,0.68406,0.45694,1.51462,19.445,0.00952,0.000141927,0.000141927,0.000141927
840,56552.2,1.23963,20.0189,0.00486,0.80792,0.25,0.68406,0.45694,1.51462,19.445,0.00952,0.000141102,0.000141102,0.000141102
841,56563.4,1.23963,20.0189,0.00486,0.80792,0.25,0.68406,0.45694,1.51462,19.445,0.00952,0.000140277,0.000140277,0.000140277
842,56574.1,1.23963,20.0189,0.00486,0.80792,0.25,0.68406,0.45694,1.51462,19.445,0.00952,0.000139453,0.000139453,0.000139453
843,56583.9,1.23963,20.0189,0.00486,0.80792,0.25,0.68406,0.45694,1.51462,19.445,0.00952,0.000138628,0.000138628,0.000138628
844,56594.3,1.23963,20.0189,0.00486,0.80792,0.25,0.68406,0.45694,1.51462,19.445,0.00952,0.000137803,0.000137803,0.000137803
845,56604.2,1.23963,20.0189,0.00486,0.80792,0.25,0.68406,0.45694,1.51462,19.445,0.00952,0.000136979,0.000136979,0.000136979
846,56614.1,1.23963,20.0189,0.00486,0.80792,0.25,0.68406,0.45694,1.51462,19.445,0.00952,0.000136154,0.000136154,0.000136154
847,56624.9,1.23963,20.0189,0.00486,0.80792,0.25,0.68406,0.45694,1.51462,19.445,0.00952,0.000135329,0.000135329,0.000135329
848,56634.2,1.23963,20.0189,0.00486,0.80792,0.25,0.68406,0.45694,1.51462,19.445,0.00952,0.000134505,0.000134505,0.000134505
849,56643.6,1.23963,20.0189,0.00486,0.80792,0.25,0.68406,0.45694,1.51462,19.445,0.00952,0.00013368,0.00013368,0.00013368
850,56653.6,1.23963,20.0189,0.00486,0.80792,0.25,0.68406,0.45694,1.51462,19.445,0.00952,0.000132855,0.000132855,0.000132855
851,56663.1,1.23963,20.0189,0.00486,0.80792,0.25,0.68406,0.45694,1.51462,19.445,0.00952,0.000132031,0.000132031,0.000132031
852,56673.1,1.23963,20.0189,0.00486,0.80792,0.25,0.68406,0.45694,1.51462,19.445,0.00952,0.000131206,0.000131206,0.000131206
853,56682.6,1.23963,20.0189,0.00486,0.80792,0.25,0.68406,0.45694,1.51462,19.445,0.00952,0.000130381,0.000130381,0.000130381
854,56692.1,1.23963,20.0189,0.00486,0.80792,0.25,0.68406,0.45694,1.51462,19.445,0.00952,0.000129556,0.000129556,0.000129556
855,56703.4,1.23963,20.0189,0.00486,0.80792,0.25,0.68406,0.45694,1.51462,19.445,0.00952,0.000128732,0.000128732,0.000128732
856,56714.6,1.23963,20.0189,0.00486,0.80792,0.25,0.68406,0.45694,1.51462,19.445,0.00952,0.000127907,0.000127907,0.000127907
857,56725.3,1.23963,20.0189,0.00486,0.80792,0.25,0.68406,0.45694,1.51462,19.445,0.00952,0.000127082,0.000127082,0.000127082
858,56736.3,1.23963,20.0189,0.00486,0.80792,0.25,0.68406,0.45694,1.51462,19.445,0.00952,0.000126258,0.000126258,0.000126258
859,56748.6,1.23963,20.0189,0.00486,0.80792,0.25,0.68406,0.45694,1.51462,19.445,0.00952,0.000125433,0.000125433,0.000125433
860,56758.8,1.23963,20.0189,0.00486,0.80792,0.25,0.68406,0.45694,1.51462,19.445,0.00952,0.000124608,0.000124608,0.000124608
861,56769.3,1.23963,20.0189,0.00486,0.80792,0.25,0.68406,0.45694,1.51462,19.445,0.00952,0.000123784,0.000123784,0.000123784
862,56779.2,1.23963,20.0189,0.00486,0.80792,0.25,0.68406,0.45694,1.51462,19.445,0.00952,0.000122959,0.000122959,0.000122959
863,56788.8,1.23963,20.0189,0.00486,0.80792,0.25,0.68406,0.45694,1.51462,19.445,0.00952,0.000122134,0.000122134,0.000122134
864,56798.7,1.23963,20.0189,0.00486,0.80792,0.25,0.68406,0.45694,1.51462,19.445,0.00952,0.00012131,0.00012131,0.00012131
865,56808.6,1.23963,20.0189,0.00486,0.80792,0.25,0.68406,0.45694,1.51462,19.445,0.00952,0.000120485,0.000120485,0.000120485
866,56818.5,1.23963,20.0189,0.00486,0.80792,0.25,0.68406,0.45694,1.51462,19.445,0.00952,0.00011966,0.00011966,0.00011966
867,56829.3,1.23963,20.0189,0.00486,0.80792,0.25,0.68406,0.45694,1.51462,19.445,0.00952,0.000118836,0.000118836,0.000118836
868,56838.6,1.23963,20.0189,0.00486,0.80792,0.25,0.68406,0.45694,1.51462,19.445,0.00952,0.000118011,0.000118011,0.000118011
869,56848.2,1.23963,20.0189,0.00486,0.80792,0.25,0.68406,0.45694,1.51462,19.445,0.00952,0.000117186,0.000117186,0.000117186
870,56858,1.23963,20.0189,0.00486,0.80792,0.25,0.68406,0.45694,1.51462,19.445,0.00952,0.000116362,0.000116362,0.000116362
871,56868.2,1.23963,20.0189,0.00486,0.80792,0.25,0.68406,0.45694,1.51462,19.445,0.00952,0.000115537,0.000115537,0.000115537
872,56877.5,1.23963,20.0189,0.00486,0.80792,0.25,0.68406,0.45694,1.51462,19.445,0.00952,0.000114712,0.000114712,0.000114712
873,56888,1.23963,20.0189,0.00486,0.80792,0.25,0.68406,0.45694,1.51462,19.445,0.00952,0.000113888,0.000113888,0.000113888
874,56897.5,1.23963,20.0189,0.00486,0.80792,0.25,0.68406,0.45694,1.51462,19.445,0.00952,0.000113063,0.000113063,0.000113063
875,56907.5,1.23963,20.0189,0.00486,0.80792,0.25,0.68406,0.45694,1.51462,19.445,0.00952,0.000112238,0.000112238,0.000112238
876,56916.9,1.23963,20.0189,0.00486,0.80792,0.25,0.68406,0.45694,1.51462,19.445,0.00952,0.000111414,0.000111414,0.000111414
877,56927.6,1.23963,20.0189,0.00486,0.80792,0.25,0.68406,0.45694,1.51462,19.445,0.00952,0.000110589,0.000110589,0.000110589
878,56937.1,1.23963,20.0189,0.00486,0.80792,0.25,0.68406,0.45694,1.51462,19.445,0.00952,0.000109764,0.000109764,0.000109764
879,56946.9,1.23963,20.0189,0.00486,0.80792,0.25,0.68406,0.45694,1.51462,19.445,0.00952,0.00010894,0.00010894,0.00010894
880,56956.6,1.23963,20.0189,0.00486,0.80792,0.25,0.68406,0.45694,1.51462,19.445,0.00952,0.000108115,0.000108115,0.000108115
881,56966.1,1.23963,20.0189,0.00486,0.80792,0.25,0.68406,0.45694,1.51462,19.445,0.00952,0.00010729,0.00010729,0.00010729
882,56975.6,1.23963,20.0189,0.00486,0.80792,0.25,0.68406,0.45694,1.51462,19.445,0.00952,0.000106466,0.000106466,0.000106466
883,56985.9,1.23963,20.0189,0.00486,0.80792,0.25,0.68406,0.45694,1.51462,19.445,0.00952,0.000105641,0.000105641,0.000105641
884,56995.2,1.23963,20.0189,0.00486,0.80792,0.25,0.68406,0.45694,1.51462,19.445,0.00952,0.000104816,0.000104816,0.000104816
885,57004.8,1.23963,20.0189,0.00486,0.80792,0.25,0.68406,0.45694,1.51462,19.445,0.00952,0.000103992,0.000103992,0.000103992
886,57015.8,1.23963,20.0189,0.00486,0.80792,0.25,0.68406,0.45694,1.51462,19.445,0.00952,0.000103167,0.000103167,0.000103167
887,57026.2,1.23963,20.0189,0.00486,0.80792,0.25,0.68406,0.45694,1.51462,19.445,0.00952,0.000102342,0.000102342,0.000102342
888,57035.5,1.23963,20.0189,0.00486,0.80792,0.25,0.68406,0.45694,1.51462,19.445,0.00952,0.000101518,0.000101518,0.000101518
889,57045.5,1.23963,20.0189,0.00486,0.80792,0.25,0.68406,0.45694,1.51462,19.445,0.00952,0.000100693,0.000100693,0.000100693
890,57055.8,1.23963,20.0189,0.00486,0.80792,0.25,0.68406,0.45694,1.51462,19.445,0.00952,9.98684e-05,9.98684e-05,9.98684e-05
891,57065.5,1.23963,20.0189,0.00486,0.80792,0.25,0.68406,0.45694,1.51462,19.445,0.00952,9.90437e-05,9.90437e-05,9.90437e-05
892,57075.8,1.23963,20.0189,0.00486,0.80958,0.24689,0.74625,0.50524,1.55417,19.3604,0.01012,9.8219e-05,9.8219e-05,9.8219e-05
893,57085.6,1.14173,19.2047,0.00465,0.80958,0.24689,0.74625,0.50524,1.55417,19.3604,0.01012,9.73944e-05,9.73944e-05,9.73944e-05
894,57095.2,1.14173,19.2047,0.00465,0.80958,0.24689,0.74625,0.50524,1.55417,19.3604,0.01012,9.65697e-05,9.65697e-05,9.65697e-05
895,57106.1,1.14173,19.2047,0.00465,0.80958,0.24689,0.74625,0.50524,1.55417,19.3604,0.01012,9.5745e-05,9.5745e-05,9.5745e-05
896,57115.5,1.14173,19.2047,0.00465,0.80958,0.24689,0.74625,0.50524,1.55417,19.3604,0.01012,9.49203e-05,9.49203e-05,9.49203e-05
897,57125,1.14173,19.2047,0.00465,0.80958,0.24689,0.74625,0.50524,1.55417,19.3604,0.01012,9.40957e-05,9.40957e-05,9.40957e-05
898,57135.1,1.14173,19.2047,0.00465,0.80958,0.24689,0.74625,0.50524,1.55417,19.3604,0.01012,9.3271e-05,9.3271e-05,9.3271e-05
899,57144.7,1.14173,19.2047,0.00465,0.80958,0.24689,0.74625,0.50524,1.55417,19.3604,0.01012,9.24463e-05,9.24463e-05,9.24463e-05
900,57154.5,1.14173,19.2047,0.00465,0.80958,0.24689,0.74625,0.50524,1.55417,19.3604,0.01012,9.16217e-05,9.16217e-05,9.16217e-05
901,57164.5,1.14173,19.2047,0.00465,0.80958,0.24689,0.74625,0.50524,1.55417,19.3604,0.01012,9.0797e-05,9.0797e-05,9.0797e-05
902,57174.2,1.14173,19.2047,0.00465,0.80958,0.24689,0.74625,0.50524,1.55417,19.3604,0.01012,8.99723e-05,8.99723e-05,8.99723e-05
903,57183.9,1.14173,19.2047,0.00465,0.80958,0.24689,0.74625,0.50524,1.55417,19.3604,0.01012,8.91477e-05,8.91477e-05,8.91477e-05
904,57194.3,1.14173,19.2047,0.00465,0.80958,0.24689,0.74625,0.50524,1.55417,19.3604,0.01012,8.8323e-05,8.8323e-05,8.8323e-05
905,57203.9,1.14173,19.2047,0.00465,0.80958,0.24689,0.74625,0.50524,1.55417,19.3604,0.01012,8.74983e-05,8.74983e-05,8.74983e-05
906,57214.2,1.14173,19.2047,0.00465,0.80958,0.24689,0.74625,0.50524,1.55417,19.3604,0.01012,8.66736e-05,8.66736e-05,8.66736e-05
907,57224.6,1.14173,19.2047,0.00465,0.80958,0.24689,0.74625,0.50524,1.55417,19.3604,0.01012,8.5849e-05,8.5849e-05,8.5849e-05
908,57235.1,1.14173,19.2047,0.00465,0.80958,0.24689,0.74625,0.50524,1.55417,19.3604,0.01012,8.50243e-05,8.50243e-05,8.50243e-05
909,57245.1,1.14173,19.2047,0.00465,0.80958,0.24689,0.74625,0.50524,1.55417,19.3604,0.01012,8.41996e-05,8.41996e-05,8.41996e-05
910,57255.3,1.14173,19.2047,0.00465,0.80958,0.24689,0.74625,0.50524,1.55417,19.3604,0.01012,8.3375e-05,8.3375e-05,8.3375e-05
911,57265,1.14173,19.2047,0.00465,0.80958,0.24689,0.74625,0.50524,1.55417,19.3604,0.01012,8.25503e-05,8.25503e-05,8.25503e-05
912,57275.1,1.14173,19.2047,0.00465,0.80958,0.24689,0.74625,0.50524,1.55417,19.3604,0.01012,8.17256e-05,8.17256e-05,8.17256e-05
913,57284.7,1.14173,19.2047,0.00465,0.80958,0.24689,0.74625,0.50524,1.55417,19.3604,0.01012,8.0901e-05,8.0901e-05,8.0901e-05
914,57295.2,1.14173,19.2047,0.00465,0.80958,0.24689,0.74625,0.50524,1.55417,19.3604,0.01012,8.00763e-05,8.00763e-05,8.00763e-05
915,57305.2,1.14173,19.2047,0.00465,0.80958,0.24689,0.74625,0.50524,1.55417,19.3604,0.01012,7.92516e-05,7.92516e-05,7.92516e-05
916,57315.4,1.14173,19.2047,0.00465,0.80958,0.24689,0.74625,0.50524,1.55417,19.3604,0.01012,7.84269e-05,7.84269e-05,7.84269e-05
917,57325.4,1.14173,19.2047,0.00465,0.80958,0.24689,0.74625,0.50524,1.55417,19.3604,0.01012,7.76023e-05,7.76023e-05,7.76023e-05
918,57334.8,1.14173,19.2047,0.00465,0.80958,0.24689,0.74625,0.50524,1.55417,19.3604,0.01012,7.67776e-05,7.67776e-05,7.67776e-05
919,57344.6,1.14173,19.2047,0.00465,0.80958,0.24689,0.74625,0.50524,1.55417,19.3604,0.01012,7.59529e-05,7.59529e-05,7.59529e-05
920,57354.2,1.14173,19.2047,0.00465,0.80958,0.24689,0.74625,0.50524,1.55417,19.3604,0.01012,7.51283e-05,7.51283e-05,7.51283e-05
921,57364.1,1.14173,19.2047,0.00465,0.80958,0.24689,0.74625,0.50524,1.55417,19.3604,0.01012,7.43036e-05,7.43036e-05,7.43036e-05
922,57374.7,1.14173,19.2047,0.00465,0.80958,0.24689,0.74625,0.50524,1.55417,19.3604,0.01012,7.34789e-05,7.34789e-05,7.34789e-05
923,57384.2,1.14173,19.2047,0.00465,0.80958,0.24689,0.74625,0.50524,1.55417,19.3604,0.01012,7.26543e-05,7.26543e-05,7.26543e-05
924,57393.9,1.14173,19.2047,0.00465,0.80958,0.24689,0.74625,0.50524,1.55417,19.3604,0.01012,7.18296e-05,7.18296e-05,7.18296e-05
925,57403.9,1.14173,19.2047,0.00465,0.80958,0.24689,0.74625,0.50524,1.55417,19.3604,0.01012,7.10049e-05,7.10049e-05,7.10049e-05
926,57413.4,1.14173,19.2047,0.00465,0.80958,0.24689,0.74625,0.50524,1.55417,19.3604,0.01012,7.01802e-05,7.01802e-05,7.01802e-05
927,57423.4,1.14173,19.2047,0.00465,0.80958,0.24689,0.74625,0.50524,1.55417,19.3604,0.01012,6.93556e-05,6.93556e-05,6.93556e-05
928,57433.9,1.14173,19.2047,0.00465,0.80958,0.24689,0.74625,0.50524,1.55417,19.3604,0.01012,6.85309e-05,6.85309e-05,6.85309e-05
929,57443.8,1.14173,19.2047,0.00465,0.80958,0.24689,0.74625,0.50524,1.55417,19.3604,0.01012,6.77062e-05,6.77062e-05,6.77062e-05
930,57453.3,1.14173,19.2047,0.00465,0.80958,0.24689,0.74625,0.50524,1.55417,19.3604,0.01012,6.68816e-05,6.68816e-05,6.68816e-05
931,57464.8,1.14173,19.2047,0.00465,0.80958,0.24689,0.74625,0.50524,1.55417,19.3604,0.01012,6.60569e-05,6.60569e-05,6.60569e-05
932,57475.4,1.14173,19.2047,0.00465,0.80958,0.24689,0.74625,0.50524,1.55417,19.3604,0.01012,6.52322e-05,6.52322e-05,6.52322e-05
933,57485.1,1.14173,19.2047,0.00465,0.80958,0.24689,0.74625,0.50524,1.55417,19.3604,0.01012,6.44076e-05,6.44076e-05,6.44076e-05
934,57495.6,1.14173,19.2047,0.00465,0.80958,0.24689,0.74625,0.50524,1.55417,19.3604,0.01012,6.35829e-05,6.35829e-05,6.35829e-05
935,57505.4,1.14173,19.2047,0.00465,0.80958,0.24689,0.74625,0.50524,1.55417,19.3604,0.01012,6.27582e-05,6.27582e-05,6.27582e-05
936,57515.4,1.14173,19.2047,0.00465,0.80958,0.24689,0.74625,0.50524,1.55417,19.3604,0.01012,6.19335e-05,6.19335e-05,6.19335e-05
937,57525.2,1.14173,19.2047,0.00465,0.80958,0.24689,0.74625,0.50524,1.55417,19.3604,0.01012,6.11089e-05,6.11089e-05,6.11089e-05
938,57535.2,1.14173,19.2047,0.00465,0.80958,0.24689,0.74625,0.50524,1.55417,19.3604,0.01012,6.02842e-05,6.02842e-05,6.02842e-05
939,57545.1,1.14173,19.2047,0.00465,0.80958,0.24689,0.74625,0.50524,1.55417,19.3604,0.01012,5.94595e-05,5.94595e-05,5.94595e-05
940,57555.8,1.14173,19.2047,0.00465,0.80958,0.24689,0.74625,0.50524,1.55417,19.3604,0.01012,5.86349e-05,5.86349e-05,5.86349e-05
941,57565.8,1.14173,19.2047,0.00465,0.80958,0.24689,0.74625,0.50524,1.55417,19.3604,0.01012,5.78102e-05,5.78102e-05,5.78102e-05
942,57575.5,1.14173,19.2047,0.00465,0.80958,0.24689,0.74625,0.50524,1.55417,19.3604,0.01012,5.69855e-05,5.69855e-05,5.69855e-05
943,57585.3,1.14173,19.2047,0.00465,0.80958,0.24689,0.74625,0.50524,1.55417,19.3604,0.01012,5.61609e-05,5.61609e-05,5.61609e-05
944,57594.9,1.14173,19.2047,0.00465,0.80958,0.24689,0.74625,0.50524,1.55417,19.3604,0.01012,5.53362e-05,5.53362e-05,5.53362e-05
945,57604.7,1.14173,19.2047,0.00465,0.80958,0.24689,0.74625,0.50524,1.55417,19.3604,0.01012,5.45115e-05,5.45115e-05,5.45115e-05
946,57614.6,1.14173,19.2047,0.00465,0.80958,0.24689,0.74625,0.50524,1.55417,19.3604,0.01012,5.36869e-05,5.36869e-05,5.36869e-05
947,57624.6,1.14173,19.2047,0.00465,0.80958,0.24689,0.74625,0.50524,1.55417,19.3604,0.01012,5.28622e-05,5.28622e-05,5.28622e-05
948,57634.5,1.14173,19.2047,0.00465,0.80958,0.24689,0.74625,0.50524,1.55417,19.3604,0.01012,5.20375e-05,5.20375e-05,5.20375e-05
949,57644.5,1.14173,19.2047,0.00465,0.80958,0.24689,0.74625,0.50524,1.55417,19.3604,0.01012,5.12128e-05,5.12128e-05,5.12128e-05
950,57655.1,1.14173,19.2047,0.00465,0.80958,0.24689,0.74625,0.50524,1.55417,19.3604,0.01012,5.03882e-05,5.03882e-05,5.03882e-05
951,57665.1,1.14173,19.2047,0.00465,0.80958,0.24689,0.74625,0.50524,1.55417,19.3604,0.01012,4.95635e-05,4.95635e-05,4.95635e-05
952,57675.2,1.14173,19.2047,0.00465,0.80958,0.24689,0.74625,0.50524,1.55417,19.3604,0.01012,4.87388e-05,4.87388e-05,4.87388e-05
953,57684.8,1.14173,19.2047,0.00465,0.80958,0.24689,0.74625,0.50524,1.55417,19.3604,0.01012,4.79142e-05,4.79142e-05,4.79142e-05
954,57694.4,1.14173,19.2047,0.00465,0.80958,0.24689,0.74625,0.50524,1.55417,19.3604,0.01012,4.70895e-05,4.70895e-05,4.70895e-05
955,57704.5,1.14173,19.2047,0.00465,0.80958,0.24689,0.74625,0.50524,1.55417,19.3604,0.01012,4.62648e-05,4.62648e-05,4.62648e-05
956,57714.9,1.14173,19.2047,0.00465,0.81041,0.23844,0.74625,0.498,1.48637,19.7291,0.00862,4.54402e-05,4.54402e-05,4.54402e-05
957,57724.1,1.07953,18.806,0.00445,0.81041,0.23844,0.74625,0.498,1.48637,19.7291,0.00862,4.46155e-05,4.46155e-05,4.46155e-05
958,57734.2,1.07953,18.806,0.00445,0.81041,0.23844,0.74625,0.498,1.48637,19.7291,0.00862,4.37908e-05,4.37908e-05,4.37908e-05
959,57743.9,1.07953,18.806,0.00445,0.81041,0.23844,0.74625,0.498,1.48637,19.7291,0.00862,4.29661e-05,4.29661e-05,4.29661e-05
960,57753.5,1.07953,18.806,0.00445,0.81041,0.23844,0.74625,0.498,1.48637,19.7291,0.00862,4.21415e-05,4.21415e-05,4.21415e-05
961,57763.6,1.07953,18.806,0.00445,0.81041,0.23844,0.74625,0.498,1.48637,19.7291,0.00862,4.13168e-05,4.13168e-05,4.13168e-05
962,57773.3,1.07953,18.806,0.00445,0.81041,0.23844,0.74625,0.498,1.48637,19.7291,0.00862,4.04921e-05,4.04921e-05,4.04921e-05
963,57782.7,1.07953,18.806,0.00445,0.81041,0.23844,0.74625,0.498,1.48637,19.7291,0.00862,3.96675e-05,3.96675e-05,3.96675e-05
964,57792.7,1.07953,18.806,0.00445,0.81041,0.23844,0.74625,0.498,1.48637,19.7291,0.00862,3.88428e-05,3.88428e-05,3.88428e-05
965,57802.2,1.07953,18.806,0.00445,0.81041,0.23844,0.74625,0.498,1.48637,19.7291,0.00862,3.80181e-05,3.80181e-05,3.80181e-05
966,57811.5,1.07953,18.806,0.00445,0.81041,0.23844,0.74625,0.498,1.48637,19.7291,0.00862,3.71935e-05,3.71935e-05,3.71935e-05
967,57821,1.07953,18.806,0.00445,0.81041,0.23844,0.74625,0.498,1.48637,19.7291,0.00862,3.63688e-05,3.63688e-05,3.63688e-05
968,57830.8,1.07953,18.806,0.00445,0.81041,0.23844,0.74625,0.498,1.48637,19.7291,0.00862,3.55441e-05,3.55441e-05,3.55441e-05
969,57841.6,1.07953,18.806,0.00445,0.81041,0.23844,0.74625,0.498,1.48637,19.7291,0.00862,3.47194e-05,3.47194e-05,3.47194e-05
970,57852.2,1.07953,18.806,0.00445,0.81041,0.23844,0.74625,0.498,1.48637,19.7291,0.00862,3.38948e-05,3.38948e-05,3.38948e-05
971,57861.8,1.07953,18.806,0.00445,0.81041,0.23844,0.74625,0.498,1.48637,19.7291,0.00862,3.30701e-05,3.30701e-05,3.30701e-05
972,57871.8,1.07953,18.806,0.00445,0.81041,0.23844,0.74625,0.498,1.48637,19.7291,0.00862,3.22454e-05,3.22454e-05,3.22454e-05
973,57881.7,1.07953,18.806,0.00445,0.81041,0.23844,0.74625,0.498,1.48637,19.7291,0.00862,3.14208e-05,3.14208e-05,3.14208e-05
974,57891.7,1.07953,18.806,0.00445,0.81041,0.23844,0.74625,0.498,1.48637,19.7291,0.00862,3.05961e-05,3.05961e-05,3.05961e-05
975,57901.3,1.07953,18.806,0.00445,0.81041,0.23844,0.74625,0.498,1.48637,19.7291,0.00862,2.97714e-05,2.97714e-05,2.97714e-05
976,57911.7,1.07953,18.806,0.00445,0.81041,0.23844,0.74625,0.498,1.48637,19.7291,0.00862,2.89468e-05,2.89468e-05,2.89468e-05
977,57921.2,1.07953,18.806,0.00445,0.81041,0.23844,0.74625,0.498,1.48637,19.7291,0.00862,2.81221e-05,2.81221e-05,2.81221e-05
978,57930.8,1.07953,18.806,0.00445,0.81041,0.23844,0.74625,0.498,1.48637,19.7291,0.00862,2.72974e-05,2.72974e-05,2.72974e-05
979,57940.6,1.07953,18.806,0.00445,0.81041,0.23844,0.74625,0.498,1.48637,19.7291,0.00862,2.64727e-05,2.64727e-05,2.64727e-05
980,57950.5,1.07953,18.806,0.00445,0.81041,0.23844,0.74625,0.498,1.48637,19.7291,0.00862,2.56481e-05,2.56481e-05,2.56481e-05
981,57960.2,1.07953,18.806,0.00445,0.81041,0.23844,0.74625,0.498,1.48637,19.7291,0.00862,2.48234e-05,2.48234e-05,2.48234e-05
982,57970,1.07953,18.806,0.00445,0.81041,0.23844,0.74625,0.498,1.48637,19.7291,0.00862,2.39987e-05,2.39987e-05,2.39987e-05
983,57979.7,1.07953,18.806,0.00445,0.81041,0.23844,0.74625,0.498,1.48637,19.7291,0.00862,2.31741e-05,2.31741e-05,2.31741e-05
984,57989.7,1.07953,18.806,0.00445,0.81041,0.23844,0.74625,0.498,1.48637,19.7291,0.00862,2.23494e-05,2.23494e-05,2.23494e-05
985,57999.6,1.07953,18.806,0.00445,0.81041,0.23844,0.74625,0.498,1.48637,19.7291,0.00862,2.15247e-05,2.15247e-05,2.15247e-05
986,58009.4,1.07953,18.806,0.00445,0.81041,0.23844,0.74625,0.498,1.48637,19.7291,0.00862,2.07001e-05,2.07001e-05,2.07001e-05
987,58019.1,1.07953,18.806,0.00445,0.81041,0.23844,0.74625,0.498,1.48637,19.7291,0.00862,1.98754e-05,1.98754e-05,1.98754e-05
988,58029.2,1.07953,18.806,0.00445,0.81041,0.23844,0.74625,0.498,1.48637,19.7291,0.00862,1.90507e-05,1.90507e-05,1.90507e-05
989,58038.7,1.07953,18.806,0.00445,0.81041,0.23844,0.74625,0.498,1.48637,19.7291,0.00862,1.8226e-05,1.8226e-05,1.8226e-05
990,58048,1.07953,18.806,0.00445,0.81041,0.23844,0.74625,0.498,1.48637,19.7291,0.00862,1.74014e-05,1.74014e-05,1.74014e-05
991,58057.7,1.07953,18.806,0.00445,0.81041,0.23844,0.74625,0.498,1.48637,19.7291,0.00862,1.65767e-05,1.65767e-05,1.65767e-05
992,58067.2,1.07953,18.806,0.00445,0.81041,0.23844,0.74625,0.498,1.48637,19.7291,0.00862,1.5752e-05,1.5752e-05,1.5752e-05
993,58076.9,1.07953,18.806,0.00445,0.81041,0.23844,0.74625,0.498,1.48637,19.7291,0.00862,1.49274e-05,1.49274e-05,1.49274e-05
994,58086.9,1.07953,18.806,0.00445,0.81041,0.23844,0.74625,0.498,1.48637,19.7291,0.00862,1.41027e-05,1.41027e-05,1.41027e-05
995,58096.5,1.07953,18.806,0.00445,0.81041,0.23844,0.74625,0.498,1.48637,19.7291,0.00862,1.3278e-05,1.3278e-05,1.3278e-05
996,58106,1.07953,18.806,0.00445,0.81041,0.23844,0.74625,0.498,1.48637,19.7291,0.00862,1.24534e-05,1.24534e-05,1.24534e-05
997,58115.6,1.07953,18.806,0.00445,0.81041,0.23844,0.74625,0.498,1.48637,19.7291,0.00862,1.16287e-05,1.16287e-05,1.16287e-05
998,58124.7,1.07953,18.806,0.00445,0.81041,0.23844,0.74625,0.498,1.48637,19.7291,0.00862,1.0804e-05,1.0804e-05,1.0804e-05
999,58134.3,1.07953,18.806,0.00445,0.81041,0.23844,0.74625,0.498,1.48637,19.7291,0.00862,9.97934e-06,9.97934e-06,9.97934e-06
1000,58144.8,1.07953,18.806,0.00445,0.81041,0.23844,0.74625,0.498,1.48637,19.7291,0.00862,9.15467e-06,9.15467e-06,9.15467e-06
